-- MySQL dump 10.13  Distrib 8.0.34, for Linux (x86_64)
--
-- Host: localhost    Database: student-management-system
-- ------------------------------------------------------
-- Server version	8.0.34-0ubuntu0.22.04.1

/*!40101 SET @OLD_CHARACTER_SET_CLIENT=@@CHARACTER_SET_CLIENT */;
/*!40101 SET @OLD_CHARACTER_SET_RESULTS=@@CHARACTER_SET_RESULTS */;
/*!40101 SET @OLD_COLLATION_CONNECTION=@@COLLATION_CONNECTION */;
/*!50503 SET NAMES utf8mb4 */;
/*!40103 SET @OLD_TIME_ZONE=@@TIME_ZONE */;
/*!40103 SET TIME_ZONE='+00:00' */;
/*!40014 SET @OLD_UNIQUE_CHECKS=@@UNIQUE_CHECKS, UNIQUE_CHECKS=0 */;
/*!40014 SET @OLD_FOREIGN_KEY_CHECKS=@@FOREIGN_KEY_CHECKS, FOREIGN_KEY_CHECKS=0 */;
/*!40101 SET @OLD_SQL_MODE=@@SQL_MODE, SQL_MODE='NO_AUTO_VALUE_ON_ZERO' */;
/*!40111 SET @OLD_SQL_NOTES=@@SQL_NOTES, SQL_NOTES=0 */;

--
-- Table structure for table `academic_details`
--

DROP TABLE IF EXISTS `academic_details`;
/*!40101 SET @saved_cs_client     = @@character_set_client */;
/*!50503 SET character_set_client = utf8mb4 */;
CREATE TABLE `academic_details` (
  `id` int NOT NULL AUTO_INCREMENT,
  `year` year NOT NULL,
  `grade` int NOT NULL,
  `has_paid` tinyint NOT NULL DEFAULT '0',
  `student_id` int NOT NULL,
  PRIMARY KEY (`id`),
  KEY `fk_academic_details_students1_idx` (`student_id`),
  CONSTRAINT `fk_academic_details_students1` FOREIGN KEY (`student_id`) REFERENCES `students` (`id`)
) ENGINE=InnoDB AUTO_INCREMENT=252 DEFAULT CHARSET=utf8mb4 COLLATE=utf8mb4_0900_ai_ci;
/*!40101 SET character_set_client = @saved_cs_client */;

--
-- Dumping data for table `academic_details`
--

LOCK TABLES `academic_details` WRITE;
/*!40000 ALTER TABLE `academic_details` DISABLE KEYS */;
INSERT INTO `academic_details` VALUES (2,2023,5,1,75),(3,2023,5,0,155),(4,2023,13,1,173),(5,2023,4,0,288),(6,2023,5,1,74),(7,2023,6,1,222),(8,2023,3,1,123),(9,2023,5,1,42),(10,2023,11,0,74),(11,2023,12,1,66),(12,2023,3,0,220),(13,2023,8,0,229),(14,2023,6,1,19),(15,2023,9,1,93),(16,2023,3,1,86),(17,2023,6,0,150),(18,2023,4,0,116),(19,2023,3,0,115),(20,2023,7,0,52),(21,2023,3,1,41),(22,2023,11,1,204),(23,2023,12,1,40),(24,2023,1,0,252),(25,2023,13,0,272),(26,2023,2,1,193),(27,2023,10,1,232),(28,2023,4,0,284),(29,2023,2,1,297),(30,2023,10,0,205),(31,2023,1,0,246),(32,2023,5,0,250),(33,2023,3,1,128),(34,2023,5,1,280),(35,2023,5,1,157),(36,2023,12,0,144),(37,2023,4,0,102),(38,2023,7,1,235),(39,2023,10,1,44),(40,2023,13,1,60),(41,2023,6,1,51),(42,2023,12,1,66),(43,2023,5,0,65),(44,2023,4,1,267),(45,2023,5,1,4),(46,2023,10,1,29),(47,2023,10,1,130),(48,2023,13,0,159),(49,2023,2,1,203),(50,2023,12,0,217),(51,2023,7,1,281),(52,2023,6,1,274),(53,2023,1,0,91),(54,2023,4,0,40),(55,2023,1,1,197),(56,2023,9,0,228),(57,2023,9,0,88),(58,2023,7,0,30),(59,2023,12,1,34),(60,2023,2,1,177),(61,2023,10,0,186),(62,2023,7,0,48),(63,2023,3,0,200),(64,2023,6,0,166),(65,2023,11,1,55),(66,2023,10,1,111),(67,2023,8,0,33),(68,2023,13,1,83),(69,2023,4,0,108),(70,2023,7,1,229),(71,2023,4,0,59),(72,2023,1,1,121),(73,2023,3,0,275),(74,2023,5,0,116),(75,2023,7,1,226),(76,2023,7,0,250),(77,2023,13,1,8),(78,2023,10,1,142),(79,2023,9,0,263),(80,2023,1,1,265),(81,2023,11,1,128),(82,2023,5,1,144),(83,2023,9,0,52),(84,2023,4,0,43),(85,2023,11,1,228),(86,2023,7,0,157),(87,2023,11,0,288),(88,2023,8,0,143),(89,2023,13,0,138),(90,2023,13,1,25),(91,2023,12,1,254),(92,2023,4,1,239),(93,2023,3,0,79),(94,2023,11,1,147),(95,2023,11,0,133),(96,2023,4,0,57),(97,2023,6,0,262),(98,2023,12,0,279),(99,2023,4,1,206),(100,2023,8,0,203),(101,2023,10,0,190),(102,2023,7,0,111),(103,2023,3,1,237),(104,2023,6,1,39),(105,2023,13,1,244),(106,2023,4,0,167),(107,2023,10,0,88),(108,2023,9,0,34),(109,2023,1,0,252),(110,2023,8,1,16),(111,2023,3,0,121),(112,2023,3,1,154),(113,2023,6,1,66),(114,2023,8,1,248),(115,2023,6,1,174),(116,2023,12,0,112),(117,2023,11,1,82),(118,2023,1,1,141),(119,2023,12,0,259),(120,2023,2,0,11),(121,2023,1,1,173),(122,2023,10,1,166),(123,2023,1,0,256),(124,2023,12,0,265),(125,2023,11,1,157),(126,2023,12,1,161),(127,2023,11,1,213),(128,2023,5,0,206),(129,2023,7,0,202),(130,2023,7,0,103),(131,2023,10,0,229),(132,2023,3,0,87),(133,2023,12,1,246),(134,2023,13,1,72),(135,2023,8,1,200),(136,2023,10,0,133),(137,2023,2,1,78),(138,2023,9,1,270),(139,2023,5,1,59),(140,2023,11,0,80),(141,2023,8,1,131),(142,2023,1,0,249),(143,2023,11,0,277),(144,2023,4,0,115),(145,2023,1,0,145),(146,2023,1,1,94),(147,2023,8,0,263),(148,2023,10,1,43),(149,2023,12,1,290),(150,2023,5,1,26),(151,2023,13,0,217),(152,2023,1,1,278),(153,2023,3,1,73),(154,2023,2,0,254),(155,2023,11,1,197),(156,2023,2,0,77),(157,2023,8,1,54),(158,2023,6,1,68),(159,2023,5,1,95),(160,2023,11,0,231),(161,2023,4,1,281),(162,2023,5,1,240),(163,2023,5,1,208),(164,2023,5,1,77),(165,2023,7,0,282),(166,2023,4,1,297),(167,2023,7,1,302),(168,2023,5,1,18),(169,2023,3,1,106),(170,2023,1,1,106),(171,2023,12,1,284),(172,2023,1,1,44),(173,2023,6,0,207),(174,2023,12,1,30),(175,2023,8,0,221),(176,2023,1,0,293),(177,2023,4,0,235),(178,2023,5,1,170),(179,2023,1,1,115),(180,2023,10,0,289),(181,2023,9,0,239),(182,2023,1,1,200),(183,2023,12,0,66),(184,2023,3,0,65),(185,2023,13,1,210),(186,2023,4,0,10),(187,2023,10,1,187),(188,2023,13,0,295),(189,2023,2,1,40),(190,2023,9,1,292),(191,2023,6,0,10),(192,2023,7,1,109),(193,2023,1,1,33),(194,2023,12,1,249),(195,2023,2,1,94),(196,2023,7,1,123),(197,2023,3,1,184),(198,2023,11,1,10),(199,2023,3,1,256),(200,2023,5,1,99),(201,2023,13,1,222),(202,2023,12,1,227),(203,2023,1,0,228),(204,2023,11,0,118),(205,2023,8,0,285),(206,2023,8,0,194),(207,2023,2,0,201),(208,2023,5,1,259),(209,2023,8,0,50),(210,2023,7,1,203),(211,2023,1,0,46),(212,2023,2,1,227),(213,2023,8,0,271),(214,2023,6,0,249),(215,2023,1,0,172),(216,2023,9,0,223),(217,2023,9,1,78),(218,2023,10,0,75),(219,2023,5,1,26),(220,2023,3,0,49),(221,2023,12,0,71),(222,2023,3,0,159),(223,2023,3,1,217),(224,2023,3,1,112),(225,2023,10,0,31),(226,2023,11,0,39),(227,2023,3,1,164),(228,2023,1,1,182),(229,2023,2,0,60),(230,2023,4,0,256),(231,2023,5,0,101),(232,2023,3,0,110),(233,2023,12,1,65),(234,2023,12,0,39),(235,2023,4,1,259),(236,2023,1,0,152),(237,2023,11,1,78),(238,2023,5,1,261),(239,2023,11,0,169),(240,2023,9,0,138),(241,2023,11,1,136),(242,2023,11,1,291),(243,2023,12,0,236),(244,2023,7,0,280),(245,2023,13,1,219),(246,2023,3,0,220),(247,2023,3,1,188),(248,2023,3,1,208),(249,2023,3,0,11),(250,2023,4,0,203),(251,2023,7,1,147);
/*!40000 ALTER TABLE `academic_details` ENABLE KEYS */;
UNLOCK TABLES;

--
-- Table structure for table `academic_officers`
--

DROP TABLE IF EXISTS `academic_officers`;
/*!40101 SET @saved_cs_client     = @@character_set_client */;
/*!50503 SET character_set_client = utf8mb4 */;
CREATE TABLE `academic_officers` (
  `id` int NOT NULL AUTO_INCREMENT,
  `name` varchar(80) NOT NULL,
  `mobile` varchar(10) NOT NULL,
  `email` varchar(45) NOT NULL,
  `image` varchar(45) NOT NULL DEFAULT 'officer.png',
  `is_removed` tinyint NOT NULL DEFAULT '0',
  `verified_at` date DEFAULT NULL,
  `gender_id` int NOT NULL,
  `city_id` int NOT NULL,
  PRIMARY KEY (`id`),
  KEY `fk_academic_officers_genders1_idx` (`gender_id`),
  KEY `fk_academic_officers_cities1_idx` (`city_id`),
  CONSTRAINT `fk_academic_officers_cities1` FOREIGN KEY (`city_id`) REFERENCES `cities` (`id`),
  CONSTRAINT `fk_academic_officers_genders1` FOREIGN KEY (`gender_id`) REFERENCES `genders` (`id`)
) ENGINE=InnoDB AUTO_INCREMENT=23 DEFAULT CHARSET=utf8mb4 COLLATE=utf8mb4_0900_ai_ci;
/*!40101 SET character_set_client = @saved_cs_client */;

--
-- Dumping data for table `academic_officers`
--

LOCK TABLES `academic_officers` WRITE;
/*!40000 ALTER TABLE `academic_officers` DISABLE KEYS */;
INSERT INTO `academic_officers` VALUES (3,'Prof. Christian Mills','0771391996','schoen.shany@example.org','officer.png',0,'2023-08-22',1,36),(4,'Scarlett Kreiger','0779629182','mstark@example.net','officer.png',0,NULL,2,4),(5,'Ardella Fadel','0779921963','fiona.simonis@example.net','officer.png',0,'2023-08-22',2,1),(6,'Aliza Eichmann I','0771777816','moore.bria@example.net','officer.png',0,'2023-08-22',1,35),(7,'Hipolito Schneider II','0779425506','vilma32@example.com','officer.png',0,'2023-08-22',1,20),(8,'Scarlett Kreiger','0778879344','mstark@example.net','officer.png',0,NULL,1,33),(9,'Vance Cassin III','0776290664','urohan@example.org','officer.png',0,'2023-08-22',2,5),(10,'Wilburn Renner','0771361761','amparo83@example.net','officer.png',0,NULL,1,31),(11,'Mr. German Bauch','0779696365','imohr@example.com','officer.png',0,'2023-08-22',1,45),(12,'Michele Ruecker','0775027209','metz.elena@example.com','officer.png',0,'2023-08-22',2,36),(13,'Mr. German Bauch','0777225775','imohr@example.com','officer.png',0,'2023-08-22',1,10),(14,'Michele Ruecker','0778790301','metz.elena@example.com','officer.png',0,'2023-08-22',2,34),(15,'Mr. Silas Wisoky DDS','0777964396','qwehner@example.org','officer.png',0,NULL,1,23),(16,'Mr. German Bauch','0777240324','imohr@example.com','officer.png',0,'2023-08-22',1,12),(17,'Gabriel Zemlak','0772465024','powlowski.alexandrea@example.com','officer.png',0,NULL,1,46),(18,'Ardella Fadel','0774350564','fiona.simonis@example.net','officer.png',0,'2023-08-22',2,17),(19,'Holden Waters','0773370600','estark@example.net','officer.png',0,NULL,1,23),(20,'Mr. German Bauch','0774564068','imohr@example.com','officer.png',0,NULL,1,19),(21,'Michele Ruecker','0779691728','metz.elena@example.com','officer.png',0,NULL,1,37),(22,'Maudie Strosin','0778329273','effie17@example.org','officer.png',0,NULL,1,4);
/*!40000 ALTER TABLE `academic_officers` ENABLE KEYS */;
UNLOCK TABLES;

--
-- Table structure for table `assignment_status`
--

DROP TABLE IF EXISTS `assignment_status`;
/*!40101 SET @saved_cs_client     = @@character_set_client */;
/*!50503 SET character_set_client = utf8mb4 */;
CREATE TABLE `assignment_status` (
  `id` int NOT NULL AUTO_INCREMENT,
  `name` varchar(45) NOT NULL,
  PRIMARY KEY (`id`)
) ENGINE=InnoDB AUTO_INCREMENT=4 DEFAULT CHARSET=utf8mb4 COLLATE=utf8mb4_0900_ai_ci;
/*!40101 SET character_set_client = @saved_cs_client */;

--
-- Dumping data for table `assignment_status`
--

LOCK TABLES `assignment_status` WRITE;
/*!40000 ALTER TABLE `assignment_status` DISABLE KEYS */;
INSERT INTO `assignment_status` VALUES (1,'Active'),(2,'Mark Assigned'),(3,'Mark Released');
/*!40000 ALTER TABLE `assignment_status` ENABLE KEYS */;
UNLOCK TABLES;

--
-- Table structure for table `assignments`
--

DROP TABLE IF EXISTS `assignments`;
/*!40101 SET @saved_cs_client     = @@character_set_client */;
/*!50503 SET character_set_client = utf8mb4 */;
CREATE TABLE `assignments` (
  `id` int NOT NULL AUTO_INCREMENT,
  `title` varchar(255) NOT NULL,
  `description` text NOT NULL,
  `grade` int NOT NULL,
  `file_name` varchar(80) NOT NULL,
  `started_at` date NOT NULL,
  `ended_at` date NOT NULL,
  `subject_id` int NOT NULL,
  `uploaded_by` int NOT NULL,
  `assignment_status` int NOT NULL DEFAULT '1',
  PRIMARY KEY (`id`),
  KEY `fk_assignments_teachers1_idx` (`uploaded_by`),
  KEY `fk_assignments_subjects1_idx` (`subject_id`),
  KEY `fk_assignments_assignment_status1_idx` (`assignment_status`),
  CONSTRAINT `fk_assignments_assignment_status1` FOREIGN KEY (`assignment_status`) REFERENCES `assignment_status` (`id`),
  CONSTRAINT `fk_assignments_subjects1` FOREIGN KEY (`subject_id`) REFERENCES `subjects` (`id`),
  CONSTRAINT `fk_assignments_teachers1` FOREIGN KEY (`uploaded_by`) REFERENCES `teachers` (`id`)
) ENGINE=InnoDB AUTO_INCREMENT=56 DEFAULT CHARSET=utf8mb4 COLLATE=utf8mb4_0900_ai_ci;
/*!40101 SET character_set_client = @saved_cs_client */;

--
-- Dumping data for table `assignments`
--

LOCK TABLES `assignments` WRITE;
/*!40000 ALTER TABLE `assignments` DISABLE KEYS */;
INSERT INTO `assignments` VALUES (4,'Numquam esse consequuntur voluptatem.','Repellendus tenetur odio repellat est et ratione nam tenetur minima cumque distinctio iure in molestiae sapiente.',9,'64e2554c193b7.pdf','2023-08-20','2023-08-28',2,46,1),(5,'Sit quod soluta rem est.','Tempore beatae sed labore provident modi dolorem sed eos voluptates illum aliquam libero nesciunt similique enim quidem.',13,'64e2554c193b7.pdf','2023-08-09','2023-08-27',8,7,1),(6,'Itaque autem nisi dolores rerum rerum.','Sunt sunt nulla numquam blanditiis molestias quia similique numquam nemo laborum ut minima necessitatibus omnis voluptatibus a iure et temporibus.',13,'64e2554c193b7.pdf','2023-08-17','2023-08-26',1,15,1),(7,'Asperiores quibusdam porro distinctio.','Debitis aliquam nisi voluptatibus quis nemo vero sit sed deleniti natus possimus nihil iusto recusandae dolorum facere voluptas eos impedit aliquam.',10,'64e2554c193b7.pdf','2023-08-08','2023-08-29',10,35,1),(8,'Aspernatur et accusantium aut temporibus beatae possimus.','Rerum dolore omnis voluptatem ullam quia accusamus fuga architecto voluptas consequatur sed deleniti fugit qui repellendus ab nam quia blanditiis.',8,'64e2554c193b7.pdf','2023-08-15','2023-08-26',5,18,1),(9,'Ab animi voluptate minima soluta et.','Odit pariatur maxime atque iure ipsa sunt aspernatur qui suscipit eligendi sed ratione quis sapiente illum voluptates nihil iusto veniam est.',1,'64e2554c193b7.pdf','2023-08-20','2023-08-29',2,49,1),(10,'Ab quia molestiae consectetur modi.','Quam nesciunt quia nobis voluptas ipsam vitae dignissimos omnis assumenda sint non totam maxime voluptatem sint qui fugiat facere a voluptatibus sequi accusamus aut saepe iste et assumenda.',7,'64e2554c193b7.pdf','2023-08-15','2023-08-26',4,21,1),(11,'Ab exercitationem voluptatem cum non iure officiis.','Est tempora voluptas animi illum provident dolor aliquam et minus est placeat aut voluptate ab dolorem nam aut aut nemo et fugit vel vel.',3,'64e2554c193b7.pdf','2023-08-09','2023-08-28',11,42,1),(12,'Aliquid qui laboriosam ducimus sunt ipsam omnis.','Consectetur asperiores dolorem minima consequuntur consequatur voluptatem qui non distinctio sed optio nobis repudiandae libero qui odio error quis laboriosam autem.',11,'64e2554c193b7.pdf','2023-08-09','2023-08-23',1,10,1),(13,'Sed numquam quo perspiciatis eum.','Qui est quia est facilis ea quas reiciendis aut eum omnis necessitatibus et mollitia.',9,'64e2554c193b7.pdf','2023-08-20','2023-08-23',19,5,1),(14,'Est vero suscipit ullam quis architecto.','Porro omnis totam voluptatem et blanditiis reiciendis eum tempora reprehenderit cupiditate animi consequuntur est rerum iste asperiores laudantium id itaque magni provident sit autem atque et.',6,'64e2554c193b7.pdf','2023-08-15','2023-08-29',18,37,1),(15,'Et voluptatem delectus vel ea velit.','Magni sunt laboriosam ipsa et sed corrupti quo rerum est maxime ut amet qui quae quia unde facilis deleniti libero sint ea et eum facere et doloremque.',5,'64e2554c193b7.pdf','2023-08-17','2023-08-24',18,38,1),(16,'Nihil esse sit omnis.','Eum itaque cumque qui soluta quis quasi enim fugit repellat aut saepe reprehenderit magnam delectus eaque sit dolorem dolor iure amet nulla ut repellendus rem ullam iste.',1,'64e2554c193b7.pdf','2023-08-20','2023-08-29',8,7,1),(17,'Voluptatem vel deleniti occaecati labore.','Ut nobis ex beatae qui sunt autem dicta libero saepe eius repellat debitis consequatur quis.',6,'64e2554c193b7.pdf','2023-08-20','2023-08-27',19,4,1),(18,'Eos itaque repellendus qui non natus.','Quos fuga quod non quod tempore voluptatum rerum quis asperiores dolores voluptas sit ratione voluptas dolor.',7,'64e2554c193b7.pdf','2023-08-11','2023-08-26',12,34,1),(19,'Eos explicabo impedit esse quasi mollitia ab.','Non sint magni facilis et accusamus odio et velit labore ut quis quos quia qui consectetur fugiat mollitia est dicta dolorem dignissimos illum.',7,'64e2554c193b7.pdf','2023-08-10','2023-08-27',14,11,1),(20,'Labore odit id alias.','Iusto porro natus sed occaecati in nihil ipsa deleniti ut autem corrupti eveniet veritatis ex ea.',13,'64e2554c193b7.pdf','2023-08-13','2023-08-24',15,15,1),(21,'Veniam omnis aliquid doloremque.','Quasi voluptatem eum odio alias tempore libero amet non saepe veniam aspernatur ullam totam harum iste dolore.',9,'64e2554c193b7.pdf','2023-08-11','2023-08-26',14,11,1),(22,'Ullam voluptates accusantium minima officia sapiente.','Iste molestiae id minima eos qui sit alias doloribus reiciendis consequuntur et cupiditate neque est illum.',8,'64e2554c193b7.pdf','2023-08-19','2023-08-29',13,18,1),(23,'Harum in quibusdam aut quidem.','Illum eum rerum natus aliquam excepturi tempore nihil ut nulla eius beatae in accusamus expedita quia et fugiat odio et officiis veritatis beatae.',7,'64e2554c193b7.pdf','2023-08-13','2023-08-24',14,11,1),(24,'Nesciunt sunt qui expedita.','Cupiditate velit ad ut modi distinctio commodi dolorem laboriosam reprehenderit modi esse aut ullam tenetur.',11,'64e2554c193b7.pdf','2023-08-15','2023-08-27',3,30,1),(25,'Magnam dicta veniam exercitationem nihil.','Consequatur natus officiis aut ab deserunt culpa consectetur commodi temporibus blanditiis sequi eligendi blanditiis qui ab est provident nulla aperiam.',9,'64e2554c193b7.pdf','2023-08-15','2023-08-26',9,5,1),(26,'Sit est consectetur cum tenetur aliquam.','Ad saepe corporis animi reprehenderit illum debitis sed nihil rerum accusamus provident non saepe reiciendis sit debitis.',1,'64e2554c193b7.pdf','2023-08-14','2023-08-24',11,42,1),(27,'Ut sunt alias quia dolorem nostrum.','Ea ut dolore et similique voluptatibus omnis quia in odio illo neque quisquam sed omnis placeat est laborum voluptatem nesciunt iste.',6,'64e2554c193b7.pdf','2023-08-13','2023-08-25',19,4,1),(28,'Corporis et quia consequatur et.','Non provident sequi ut vitae eveniet sit ut quo odit quia est ratione saepe sed voluptatem ipsam asperiores vero eius officiis voluptate debitis dolor.',8,'64e2554c193b7.pdf','2023-08-14','2023-08-23',4,32,1),(29,'Dolores velit repellat recusandae in nihil.','Aut eligendi qui eligendi in quo natus maxime quae facilis eveniet soluta occaecati magni voluptas ex iste dolorum nostrum magni illo commodi natus nobis repellendus.',10,'64e2554c193b7.pdf','2023-08-12','2023-08-24',9,29,1),(30,'Doloribus et provident dolore et aut.','Consequatur maxime neque omnis non et quia voluptatem ex veritatis incidunt cum totam nisi sit.',11,'64e2554c193b7.pdf','2023-08-08','2023-08-25',1,10,1),(31,'Magni fugiat ducimus ab.','Expedita nam nam dignissimos consectetur earum doloremque qui earum distinctio recusandae dolorem accusantium ut molestias qui quia laboriosam consequatur animi.',10,'64e2554c193b7.pdf','2023-08-17','2023-08-26',19,17,1),(32,'Consequatur et suscipit quia quo ea quia.','Laboriosam fugiat suscipit quam minima vel quaerat vel est vitae eum aut atque.',10,'64e2554c193b7.pdf','2023-08-11','2023-08-28',14,11,1),(33,'Aperiam omnis a eius sit molestias.','Dolor ratione est aut qui ipsa veritatis quas expedita quisquam minima ab eos et et sapiente veritatis debitis pariatur aliquid dolorem et eum corrupti nesciunt.',10,'64e2554c193b7.pdf','2023-08-20','2023-08-28',14,11,1),(34,'Veritatis animi minima sit voluptatem cumque dolor.','Maxime facere nobis maiores commodi velit sequi quis nihil voluptas officia explicabo rerum quisquam adipisci ipsum.',6,'64e2554c193b7.pdf','2023-08-10','2023-08-24',19,26,1),(35,'Optio excepturi rerum dolores.','Libero impedit modi omnis perferendis eaque eos nihil enim iusto libero velit saepe minus unde in reprehenderit quae excepturi voluptates quasi quis placeat iusto et.',8,'64e2554c193b7.pdf','2023-08-13','2023-08-29',6,37,1),(36,'Suscipit quod assumenda ad itaque.','Sapiente velit laborum voluptas quia vel sint sint et inventore ratione est molestiae veritatis odio quaerat impedit officia molestiae aut modi harum tempora perspiciatis.',8,'64e2554c193b7.pdf','2023-08-19','2023-08-24',17,53,1),(37,'Dolores ullam corporis harum dicta modi.','Est est quos corporis cum voluptatibus aut eos ducimus ut hic porro vel eum nihil ut quibusdam cum qui perferendis nisi eius voluptatem.',8,'64e2554c193b7.pdf','2023-08-13','2023-08-24',17,53,1),(38,'Molestiae amet velit saepe iusto.','Minus fugit iste fugit consectetur at animi voluptatum labore velit deserunt ea et culpa.',11,'64e2554c193b7.pdf','2023-08-12','2023-08-29',14,47,1),(39,'Placeat rem doloremque dicta officia.','Magni aspernatur similique modi veritatis earum qui sint blanditiis hic odio quia commodi quis.',12,'64e2554c193b7.pdf','2023-08-11','2023-08-23',10,28,1),(40,'Quisquam porro porro inventore.','Sit quia incidunt sit voluptas enim numquam aut blanditiis mollitia maxime aut voluptas consectetur enim voluptatem odio natus ut quas.',10,'64e2554c193b7.pdf','2023-08-16','2023-08-23',12,17,1),(41,'Consequatur quisquam debitis magni distinctio deleniti aut.','Illo tempora voluptas repudiandae sunt commodi dolorem architecto et dicta quis magnam consequatur molestias fuga quo qui incidunt blanditiis architecto omnis consequuntur.',6,'64e2554c193b7.pdf','2023-08-17','2023-08-26',20,5,1),(42,'Enim consequatur impedit velit et alias laudantium.','Maiores quo molestiae esse sapiente in tempora delectus in porro veritatis ut voluptatem.',5,'64e2554c193b7.pdf','2023-08-16','2023-08-25',11,49,1),(43,'Commodi labore vero aut tempore consequuntur.','Aut placeat et nesciunt amet odio sunt repellendus nisi in perferendis est cupiditate soluta magni debitis occaecati voluptas est est expedita neque est ex labore ut qui.',6,'64e2554c193b7.pdf','2023-08-20','2023-08-29',2,4,1),(44,'Et commodi et qui voluptates omnis nemo natus.','Accusantium illum illum ipsa veniam qui eligendi laudantium alias suscipit et quis at explicabo rerum rerum et magnam ut saepe qui fuga exercitationem veniam et.',5,'64e2554c193b7.pdf','2023-08-10','2023-08-23',20,45,1),(45,'Non ex non tempora.','Autem quos rerum provident commodi voluptatibus non quam sit esse sapiente fugiat ut soluta maiores.',8,'64e2554c193b7.pdf','2023-08-20','2023-08-28',4,44,1),(46,'Commodi ut qui saepe possimus accusantium culpa.','Ipsum tenetur nemo est voluptatum error repellendus ipsum rerum cupiditate eos officia ut velit.',10,'64e2554c193b7.pdf','2023-08-14','2023-08-25',4,44,1),(47,'Eos id harum quo.','Velit deserunt in quis et mollitia quod dolor nisi temporibus consequatur consequatur delectus earum eligendi.',9,'64e2554c193b7.pdf','2023-08-19','2023-08-24',2,46,1),(48,'Enim quis qui voluptas.','Architecto molestias cupiditate neque autem aliquam praesentium assumenda eum unde facilis quis amet aliquam ab beatae exercitationem consequuntur libero voluptas dolores consectetur.',5,'64e2554c193b7.pdf','2023-08-22','2023-08-27',3,20,1),(49,'Ut nulla a debitis eos impedit laborum.','Soluta eius ducimus quasi vitae nobis blanditiis placeat hic voluptatibus voluptatibus enim in modi qui et doloribus voluptates sit eaque corporis est et voluptatem harum voluptas est.',3,'64e2554c193b7.pdf','2023-08-17','2023-08-23',17,50,1),(50,'Et minus deleniti ipsam alias laborum.','Perspiciatis pariatur necessitatibus quis ad rerum modi nesciunt et non reiciendis perspiciatis id consequatur.',3,'64e2554c193b7.pdf','2023-08-15','2023-08-25',4,45,1),(51,'Architecto magni iusto omnis et et consequatur.','Aut ea quidem officiis sit in placeat qui eius ut reprehenderit molestiae et adipisci dolor.',12,'64e2554c193b7.pdf','2023-08-09','2023-08-28',2,28,1),(52,'Sit dolor nemo aut.','Dolorem velit et consequatur et enim et officiis odio voluptates unde et possimus aut dolorem fuga et nihil fugiat veniam occaecati dolorem illum suscipit quis qui occaecati.',10,'64e2554c193b7.pdf','2023-08-19','2023-08-26',17,43,1),(53,'Qui dolores rem tenetur nam.','Ducimus deserunt voluptas eveniet voluptas qui consequatur sunt quia et iusto deleniti labore dolorum ipsa quaerat et autem odit et veniam non est sapiente qui iste et.',6,'64e2554c193b7.pdf','2023-08-19','2023-08-29',15,15,1),(54,'Expedita voluptate debitis aut est blanditiis.','Error exercitationem quos vero placeat perspiciatis fugit praesentium qui velit nisi et provident sed.',10,'64e2554c193b7.pdf','2023-08-13','2023-08-23',9,52,1),(55,'Tenetur est ut est aut.','Ut non est quos ab eum voluptatem a quisquam et enim deserunt facilis in aliquam nam qui eum sit.',12,'64e2554c193b7.pdf','2023-08-20','2023-08-24',10,28,1);
/*!40000 ALTER TABLE `assignments` ENABLE KEYS */;
UNLOCK TABLES;

--
-- Table structure for table `cities`
--

DROP TABLE IF EXISTS `cities`;
/*!40101 SET @saved_cs_client     = @@character_set_client */;
/*!50503 SET character_set_client = utf8mb4 */;
CREATE TABLE `cities` (
  `id` int NOT NULL AUTO_INCREMENT,
  `name` varchar(80) NOT NULL,
  PRIMARY KEY (`id`)
) ENGINE=InnoDB AUTO_INCREMENT=50 DEFAULT CHARSET=utf8mb4 COLLATE=utf8mb4_0900_ai_ci;
/*!40101 SET character_set_client = @saved_cs_client */;

--
-- Dumping data for table `cities`
--

LOCK TABLES `cities` WRITE;
/*!40000 ALTER TABLE `cities` DISABLE KEYS */;
INSERT INTO `cities` VALUES (1,'Colombo'),(2,'Galle'),(3,'Kandy'),(4,'Jaffna'),(5,'Trincomalee'),(6,'Negombo'),(7,'Anuradhapura'),(8,'Batticaloa'),(9,'Matara'),(10,'Kalmunai'),(11,'Ratnapura'),(12,'Badulla'),(13,'Hambantota'),(14,'Matale'),(15,'Chilaw'),(16,'Vavuniya'),(17,'Gampaha'),(18,'Kegalle'),(19,'Kilinochchi'),(20,'Mannar'),(21,'Kalutara'),(22,'Point Pedro'),(23,'Haputale'),(24,'Kataragama'),(25,'Ampara'),(26,'Weligama'),(27,'Ambalangoda'),(28,'Panadura'),(29,'Nuwara Eliya'),(30,'Borella'),(31,'Gampola'),(32,'Eravur'),(33,'Wattala'),(34,'Jaffna'),(35,'Dambulla'),(36,'Polonnaruwa'),(37,'Homagama'),(38,'Kotte'),(39,'Kurunegala'),(40,'Monaragala'),(41,'Battaramulla'),(42,'Kuliyapitiya'),(43,'Hikkaduwa'),(44,'Chavakachcheri'),(45,'Horana'),(46,'Wattegama'),(47,'Minuwangoda'),(48,'Bentota'),(49,'Kandana');
/*!40000 ALTER TABLE `cities` ENABLE KEYS */;
UNLOCK TABLES;

--
-- Table structure for table `genders`
--

DROP TABLE IF EXISTS `genders`;
/*!40101 SET @saved_cs_client     = @@character_set_client */;
/*!50503 SET character_set_client = utf8mb4 */;
CREATE TABLE `genders` (
  `id` int NOT NULL AUTO_INCREMENT,
  `name` varchar(45) NOT NULL,
  PRIMARY KEY (`id`)
) ENGINE=InnoDB AUTO_INCREMENT=3 DEFAULT CHARSET=utf8mb4 COLLATE=utf8mb4_0900_ai_ci;
/*!40101 SET character_set_client = @saved_cs_client */;

--
-- Dumping data for table `genders`
--

LOCK TABLES `genders` WRITE;
/*!40000 ALTER TABLE `genders` DISABLE KEYS */;
INSERT INTO `genders` VALUES (1,'Male'),(2,'Female');
/*!40000 ALTER TABLE `genders` ENABLE KEYS */;
UNLOCK TABLES;

--
-- Table structure for table `notes`
--

DROP TABLE IF EXISTS `notes`;
/*!40101 SET @saved_cs_client     = @@character_set_client */;
/*!50503 SET character_set_client = utf8mb4 */;
CREATE TABLE `notes` (
  `id` int NOT NULL AUTO_INCREMENT,
  `title` varchar(255) NOT NULL,
  `file` varchar(45) NOT NULL,
  `grade` int NOT NULL,
  `uploaded_at` date NOT NULL,
  `subject_id` int NOT NULL,
  `uploaded_by` int NOT NULL,
  PRIMARY KEY (`id`),
  KEY `fk_notes_subjects1_idx` (`subject_id`),
  KEY `fk_notes_teachers1_idx` (`uploaded_by`),
  CONSTRAINT `fk_notes_subjects1` FOREIGN KEY (`subject_id`) REFERENCES `subjects` (`id`),
  CONSTRAINT `fk_notes_teachers1` FOREIGN KEY (`uploaded_by`) REFERENCES `teachers` (`id`)
) ENGINE=InnoDB AUTO_INCREMENT=108 DEFAULT CHARSET=utf8mb4 COLLATE=utf8mb4_0900_ai_ci;
/*!40101 SET character_set_client = @saved_cs_client */;

--
-- Dumping data for table `notes`
--

LOCK TABLES `notes` WRITE;
/*!40000 ALTER TABLE `notes` DISABLE KEYS */;
INSERT INTO `notes` VALUES (58,'Molestias animi est unde est vero.','64e26564b7831.docx',10,'2023-08-22',11,9),(59,'Modi qui sunt saepe ut ullam distinctio.','64e26564b7831.docx',10,'2023-08-22',9,29),(60,'Sequi magnam possimus ea.','64e26564b7831.docx',7,'2023-08-22',8,5),(61,'Sint ducimus deleniti velit similique et.','64e26564b7831.docx',6,'2023-08-22',1,15),(62,'Iusto deleniti esse doloribus quo nihil.','64e26564b7831.docx',4,'2023-08-22',4,39),(63,'Unde necessitatibus dolorum repellat ipsam molestias repudiandae.','64e26564b7831.docx',11,'2023-08-22',3,30),(64,'Cupiditate nam tempora voluptatem temporibus et dolor.','64e26564b7831.docx',1,'2023-08-22',1,42),(65,'Qui in nesciunt ad ipsa.','64e26564b7831.docx',3,'2023-08-22',1,42),(66,'Vero iste aperiam temporibus.','64e26564b7831.docx',7,'2023-08-22',14,25),(67,'Cupiditate aut asperiores nihil.','64e26564b7831.docx',10,'2023-08-22',2,31),(68,'Similique eligendi sint aut nobis quas.','64e26564b7831.docx',7,'2023-08-22',11,12),(69,'Vel exercitationem porro laboriosam aut non magnam.','64e26564b7831.docx',10,'2023-08-22',3,14),(70,'Quo qui eius et beatae.','64e26564b7831.docx',7,'2023-08-22',1,34),(71,'Voluptatem quia officiis qui ut.','64e26564b7831.docx',7,'2023-08-22',17,9),(72,'Odit magni ut distinctio.','64e26564b7831.docx',11,'2023-08-22',1,30),(73,'At exercitationem aut delectus nostrum aliquid.','64e26564b7831.docx',1,'2023-08-22',17,43),(74,'Ullam aspernatur quis ut aut recusandae aut.','64e26564b7831.docx',10,'2023-08-22',19,34),(75,'Neque rerum similique et quasi.','64e26564b7831.docx',7,'2023-08-22',1,15),(76,'Velit vel aperiam incidunt sequi sunt.','64e26564b7831.docx',11,'2023-08-22',10,10),(77,'Mollitia ut voluptatem impedit dolores ea facere.','64e26564b7831.docx',10,'2023-08-22',2,36),(78,'Cumque deleniti beatae possimus.','64e26564b7831.docx',10,'2023-08-22',13,17),(79,'Et dolores consequatur eum quae.','64e26564b7831.docx',7,'2023-08-22',11,25),(80,'Beatae incidunt molestiae sit consequatur.','64e26564b7831.docx',3,'2023-08-22',12,51),(81,'Rerum debitis temporibus et alias modi.','64e26564b7831.docx',8,'2023-08-22',1,42),(82,'Quas velit earum autem dicta.','64e26564b7831.docx',12,'2023-08-22',14,23),(83,'Et repellendus maxime qui itaque.','64e26564b7831.docx',7,'2023-08-22',9,13),(84,'Nulla nobis est rerum minima.','64e26564b7831.docx',6,'2023-08-22',19,4),(85,'In amet expedita rerum blanditiis quisquam non.','64e26564b7831.docx',8,'2023-08-22',12,51),(86,'Totam eveniet quaerat vel.','64e26564b7831.docx',7,'2023-08-22',1,15),(87,'Sit quis quisquam eius.','64e26564b7831.docx',1,'2023-08-22',10,10),(88,'Aut non expedita aspernatur.','64e26564b7831.docx',1,'2023-08-22',12,51),(89,'Totam temporibus delectus voluptatibus voluptas explicabo totam.','64e26564b7831.docx',1,'2023-08-22',18,38),(90,'Iusto quas sit magni ut vitae accusantium.','64e26564b7831.docx',3,'2023-08-22',20,26),(91,'Exercitationem voluptas magni optio fugiat aut.','64e26564b7831.docx',11,'2023-08-22',14,47),(92,'Aut facere nesciunt ut asperiores.','64e26564b7831.docx',7,'2023-08-22',1,15),(93,'Omnis voluptas illum officiis.','64e26564b7831.docx',10,'2023-08-22',1,52),(94,'Placeat est rem eveniet.','64e26564b7831.docx',3,'2023-08-22',20,14),(95,'Ipsa quia et odit iusto beatae laboriosam.','64e26564b7831.docx',8,'2023-08-22',16,18),(96,'Iure ullam in id nam.','64e26564b7831.docx',1,'2023-08-22',10,19),(97,'Tempora voluptatem ipsum voluptatem.','64e26564b7831.docx',8,'2023-08-22',18,32),(98,'Quos fugiat qui labore non.','64e26564b7831.docx',4,'2023-08-22',9,13),(99,'Voluptatem consequatur aliquam tempora incidunt odio neque.','64e26564b7831.docx',10,'2023-08-22',20,14),(100,'Sunt praesentium impedit quo.','64e26564b7831.docx',9,'2023-08-22',14,11),(101,'Totam blanditiis id at a eius.','64e26564b7831.docx',10,'2023-08-22',17,43),(102,'Ea quia consequuntur nihil.','64e26564b7831.docx',3,'2023-08-22',17,50),(103,'Sunt porro quia quis soluta sint.','64e26564b7831.docx',3,'2023-08-22',20,26),(104,'In quia et et ullam dolores.','64e26564b7831.docx',12,'2023-08-22',8,44),(105,'Quia laudantium dolorem id.','64e26564b7831.docx',10,'2023-08-22',5,36),(106,'Excepturi adipisci facere corrupti nostrum qui et.','64e26564b7831.docx',12,'2023-08-22',2,28),(107,'Pariatur soluta labore ut est.','64e26564b7831.docx',10,'2023-08-22',8,43);
/*!40000 ALTER TABLE `notes` ENABLE KEYS */;
UNLOCK TABLES;

--
-- Table structure for table `roles`
--

DROP TABLE IF EXISTS `roles`;
/*!40101 SET @saved_cs_client     = @@character_set_client */;
/*!50503 SET character_set_client = utf8mb4 */;
CREATE TABLE `roles` (
  `id` int NOT NULL AUTO_INCREMENT,
  `name` varchar(45) NOT NULL,
  PRIMARY KEY (`id`)
) ENGINE=InnoDB AUTO_INCREMENT=6 DEFAULT CHARSET=utf8mb4 COLLATE=utf8mb4_0900_ai_ci;
/*!40101 SET character_set_client = @saved_cs_client */;

--
-- Dumping data for table `roles`
--

LOCK TABLES `roles` WRITE;
/*!40000 ALTER TABLE `roles` DISABLE KEYS */;
INSERT INTO `roles` VALUES (1,'super admin'),(2,'admin'),(3,'academic officer'),(4,'teacher'),(5,'student');
/*!40000 ALTER TABLE `roles` ENABLE KEYS */;
UNLOCK TABLES;

--
-- Table structure for table `students`
--

DROP TABLE IF EXISTS `students`;
/*!40101 SET @saved_cs_client     = @@character_set_client */;
/*!50503 SET character_set_client = utf8mb4 */;
CREATE TABLE `students` (
  `id` int NOT NULL AUTO_INCREMENT,
  `name` varchar(100) NOT NULL,
  `mobile` varchar(10) NOT NULL,
  `email` varchar(80) NOT NULL,
  `date_of_birth` date DEFAULT NULL,
  `image` varchar(45) NOT NULL DEFAULT 'student.png',
  `is_removed` tinyint NOT NULL DEFAULT '0',
  `verified_at` date DEFAULT NULL,
  `city_id` int NOT NULL,
  `gender_id` int NOT NULL,
  PRIMARY KEY (`id`),
  KEY `fk_students_cities1_idx` (`city_id`),
  KEY `fk_students_genders1_idx` (`gender_id`),
  CONSTRAINT `fk_students_cities1` FOREIGN KEY (`city_id`) REFERENCES `cities` (`id`),
  CONSTRAINT `fk_students_genders1` FOREIGN KEY (`gender_id`) REFERENCES `genders` (`id`)
) ENGINE=InnoDB AUTO_INCREMENT=304 DEFAULT CHARSET=utf8mb4 COLLATE=utf8mb4_0900_ai_ci;
/*!40101 SET character_set_client = @saved_cs_client */;

--
-- Dumping data for table `students`
--

LOCK TABLES `students` WRITE;
/*!40000 ALTER TABLE `students` DISABLE KEYS */;
INSERT INTO `students` VALUES (4,'Gunner Morissette','0779032006','fritsch.randal@example.org','1995-08-30','student.png',0,'2023-08-22',49,1),(5,'Lisa Lesch','0778521546','watsica.raphael@example.net','2001-09-30','student.png',0,'2023-08-22',3,1),(6,'Ursula Kemmer','0777201124','aisha30@example.net','1999-05-20','student.png',0,'2023-08-22',7,2),(7,'Robert Herzog','0773299353','ray.bogisich@example.org','2011-10-07','student.png',0,NULL,3,1),(8,'Clotilde Lakin II','0775634650','hand.rylan@example.org','1984-03-27','student.png',0,'2023-08-22',17,2),(9,'Kenneth Hammes','0776283698','eleonore.hickle@example.com','1992-02-14','student.png',0,NULL,2,1),(10,'Hans Weber','0775736709','qreichert@example.com','1988-09-03','student.png',0,NULL,40,1),(11,'Prof. Arnoldo Simonis IV','0776673500','glind@example.net','1982-11-29','student.png',0,NULL,6,1),(12,'Prof. Coleman Lind II','0772246471','gmccullough@example.org','1979-03-25','student.png',0,NULL,45,1),(13,'Keshawn Rolfson','0779497105','reinger.tyra@example.org','1975-02-09','student.png',0,NULL,44,2),(14,'Candace Lebsack','0775929777','uhamill@example.org','2011-06-07','student.png',0,'2023-08-22',16,1),(15,'Kimberly Leannon','0779989529','camylle.wehner@example.org','2014-03-17','student.png',0,NULL,5,1),(16,'Gabriella Schroeder','0775653938','ufriesen@example.com','1996-07-18','student.png',0,NULL,7,1),(17,'Freda Greenholt','0777082507','ptreutel@example.net','2012-08-22','student.png',0,NULL,23,2),(18,'Andreane Dicki','0778921795','markus.dicki@example.org','2021-01-12','student.png',0,'2023-08-22',34,2),(19,'Josianne Ruecker Jr.','0773261964','marisa.weissnat@example.org','1978-08-03','student.png',0,'2023-08-22',23,2),(20,'Merlin Boyle','0771364093','colton11@example.com','1986-10-27','student.png',0,NULL,28,2),(21,'Donnie Kreiger','0771292231','ttromp@example.com','2000-05-01','student.png',0,'2023-08-22',36,2),(22,'Trevion Green','0771247246','bkeeling@example.net','1974-04-13','student.png',0,NULL,27,2),(23,'Dr. Reymundo Hill PhD','0772106844','schoen.leonard@example.com','2004-04-27','student.png',0,NULL,25,1),(24,'Marjory Schroeder','0773526023','darian86@example.net','2005-12-31','student.png',0,NULL,20,2),(25,'Marjory Schroeder','0772535959','darian86@example.net','1979-12-19','student.png',0,'2023-08-22',1,1),(26,'Ms. Berniece Boyle Sr.','0778956564','michel.damore@example.net','2003-10-23','student.png',0,NULL,39,2),(27,'Curtis Hermann','0774637541','rodriguez.athena@example.net','1984-04-16','student.png',0,NULL,7,1),(28,'Cyrus Baumbach','0777211936','agreen@example.net','2017-06-19','student.png',0,NULL,33,1),(29,'Florence Jerde V','0779238826','tevin.trantow@example.org','2012-01-16','student.png',0,'2023-08-22',28,2),(30,'Brendan Douglas','0771470372','njaskolski@example.com','2001-12-10','student.png',0,'2023-08-22',10,2),(31,'Mr. Llewellyn Renner','0772298827','iheaney@example.org','2008-09-14','student.png',0,'2023-08-22',44,1),(32,'Emilia Marquardt','0771689320','tcarter@example.com','1998-02-04','student.png',0,NULL,18,1),(33,'Haylie Lynch','0775078545','lsmitham@example.org','2021-08-02','student.png',0,'2023-08-22',27,1),(34,'Trevion Green','0773662473','bkeeling@example.net','2008-04-18','student.png',0,'2023-08-22',46,1),(35,'Robert Herzog','0778619917','ray.bogisich@example.org','1992-03-28','student.png',0,NULL,4,1),(36,'Prof. Marcel Sanford','0773079537','kautzer.agustin@example.com','2003-01-14','student.png',0,NULL,24,2),(37,'Frieda Daugherty','0777338380','manley03@example.org','2022-04-10','student.png',0,'2023-08-22',24,2),(38,'Meda Veum','0775302717','ted.buckridge@example.org','1973-08-09','student.png',0,NULL,16,1),(39,'Noemi Sporer','0779918541','leif50@example.org','1994-07-20','student.png',0,NULL,10,2),(40,'Brown Weber','0772877298','armstrong.amanda@example.org','2020-07-11','student.png',0,'2023-08-22',48,2),(41,'Curtis Hermann','0778062661','rodriguez.athena@example.net','2015-11-30','student.png',0,'2023-08-22',24,2),(42,'Ms. Mertie West','0778679541','myrtie.abernathy@example.org','1983-09-30','student.png',0,NULL,42,1),(43,'Gunner Morissette','0774790956','fritsch.randal@example.org','1975-05-30','student.png',0,NULL,24,2),(44,'Terrill Cormier','0774663000','genevieve.wiza@example.net','2009-09-22','student.png',0,NULL,37,2),(45,'Isadore Feest','0774629844','koch.kyler@example.org','2006-10-18','student.png',0,NULL,17,1),(46,'Prof. Retha Medhurst','0779743567','tremblay.keith@example.org','2012-01-08','student.png',0,'2023-08-22',7,2),(47,'Valentina Bechtelar','0772334767','selena.becker@example.com','2011-11-27','student.png',0,'2023-08-22',36,1),(48,'Esteban Streich','0778499441','dewayne.thiel@example.net','1972-10-19','student.png',0,'2023-08-22',49,2),(49,'Royce Bergnaum','0771094323','nicolas.douglas@example.net','1984-04-05','student.png',0,'2023-08-22',8,2),(50,'Prof. Keaton Rodriguez II','0774635596','iernser@example.net','1992-10-31','student.png',0,NULL,42,2),(51,'Dr. Dusty Schaden','0779456433','schoen.leslie@example.net','1993-03-30','student.png',0,NULL,14,2),(52,'Miss Andreane Kuvalis','0777655588','vschumm@example.net','2013-04-23','student.png',0,NULL,34,2),(53,'Earnest Stokes','0776360730','claud45@example.org','1987-11-01','student.png',0,NULL,2,2),(54,'Philip Bosco','0779335151','cgraham@example.com','2001-03-12','student.png',0,NULL,48,1),(55,'Prof. Coleman Lind II','0772901399','gmccullough@example.org','1991-07-26','student.png',0,NULL,4,2),(56,'Dr. Dusty Schaden','0772665116','schoen.leslie@example.net','1982-06-09','student.png',0,'2023-08-22',16,2),(57,'Maymie King DVM','0778262411','urosenbaum@example.com','2007-07-10','student.png',0,NULL,45,2),(58,'Nicholas Daniel','0778593358','jared16@example.net','1998-06-11','student.png',0,NULL,16,1),(59,'Minerva Orn','0779374958','abdiel65@example.com','2000-06-03','student.png',0,NULL,15,1),(60,'Jermaine Pacocha','0779763302','kiarra.medhurst@example.net','1998-05-06','student.png',0,'2023-08-22',9,2),(61,'Pasquale Crona I','0772497409','zoila.wunsch@example.org','1992-03-26','student.png',0,NULL,39,1),(62,'Kitty Nolan Sr.','0772132032','rice.alexandria@example.com','1994-02-27','student.png',0,NULL,14,2),(63,'Arlo Sporer','0774872297','madonna53@example.net','1979-04-20','student.png',0,'2023-08-22',38,2),(64,'Bernadine Corkery','0777451609','dabernathy@example.org','2011-11-14','student.png',0,'2023-08-22',14,2),(65,'Dr. Alexandre Kirlin','0773365730','carlos08@example.com','2008-02-01','student.png',0,NULL,33,2),(66,'Katrina Bernhard V','0771381790','remard@example.com','1982-09-28','student.png',0,NULL,12,1),(67,'Dr. Maximilian Shields','0778659473','gleffler@example.com','2017-10-27','student.png',0,NULL,39,1),(68,'Miss Andreane Kuvalis','0777987620','vschumm@example.net','2000-08-19','student.png',0,'2023-08-22',20,1),(69,'Verla Mills','0775836307','llittel@example.com','1993-12-18','student.png',0,'2023-08-22',38,1),(70,'Dr. Gunner Wintheiser','0771579868','kaley.harvey@example.org','2008-07-06','student.png',0,'2023-08-22',35,1),(71,'Otilia Grimes','0778693997','margaret.steuber@example.org','2009-04-11','student.png',0,NULL,16,2),(72,'Mrs. Matilde Cremin IV','0771398257','lilly30@example.com','2019-01-15','student.png',0,NULL,2,2),(73,'Mrs. Matilde Cremin IV','0774333492','lilly30@example.com','2005-11-25','student.png',0,NULL,18,1),(74,'Zachary Schneider DVM','0775267335','lang.shayna@example.net','1982-12-22','student.png',0,'2023-08-22',28,2),(75,'Lavada Watsica III','0776444952','orrin88@example.org','1985-10-09','student.png',0,'2023-08-22',15,2),(76,'Mrs. Allie Sipes','0774882308','millie.kihn@example.net','1970-10-09','student.png',0,'2023-08-22',19,2),(77,'Myra Cole','0778380805','loma79@example.org','1979-02-10','student.png',0,NULL,6,1),(78,'Adrien Lemke','0774759458','donnelly.karelle@example.org','1977-07-13','student.png',0,NULL,23,2),(79,'Clotilde Lakin II','0776310162','hand.rylan@example.org','2005-08-21','student.png',0,NULL,10,1),(80,'Yadira Kozey MD','0777752255','upton.mae@example.org','1975-08-02','student.png',0,NULL,31,1),(81,'Okey Baumbach','0773561539','kale60@example.com','2019-09-29','student.png',0,'2023-08-22',11,2),(82,'Prof. Marcel Sanford','0771390951','kautzer.agustin@example.com','2018-04-22','student.png',0,'2023-08-22',12,1),(83,'Arlo Sporer','0776837028','madonna53@example.net','1979-04-20','student.png',0,NULL,8,1),(84,'Mr. Giovanni Lehner','0775488911','bskiles@example.com','2018-10-03','student.png',0,NULL,35,2),(85,'Prof. Marcel Sanford','0774944481','kautzer.agustin@example.com','2019-09-29','student.png',0,NULL,34,1),(86,'Dr. Cedrick Ratke','0775979278','jpredovic@example.org','1991-10-20','student.png',0,NULL,39,1),(87,'Mr. Foster Hills DDS','0779200242','rowena34@example.net','2007-12-10','student.png',0,NULL,11,2),(88,'Joy Runte','0772006431','roy83@example.net','2011-04-12','student.png',0,'2023-08-22',33,2),(89,'Marley Brown MD','0774019864','kschaden@example.org','1979-01-29','student.png',0,NULL,48,2),(90,'Miss Camila Swift','0778026003','purdy.wayne@example.com','2007-06-15','student.png',0,NULL,9,2),(91,'Santos Flatley','0776246958','ozella60@example.net','2013-04-11','student.png',0,NULL,1,2),(92,'Lila Homenick','0776519937','cauer@example.net','2012-01-01','student.png',0,NULL,20,1),(93,'Aditya Weber','0776091914','kozey.eunice@example.net','2010-06-24','student.png',0,NULL,39,1),(94,'Keshaun Powlowski','0778044183','geraldine.goldner@example.org','2000-05-13','student.png',0,NULL,16,1),(95,'Royce Bergnaum','0775564818','nicolas.douglas@example.net','1992-09-10','student.png',0,'2023-08-22',43,2),(96,'Mr. Gillian Padberg','0773429488','joaquin.powlowski@example.org','1979-10-05','student.png',0,'2023-08-22',19,2),(97,'Rodger Wilderman','0772824457','king.abel@example.com','2012-12-17','student.png',0,NULL,1,1),(98,'Mr. Gillian Padberg','0776310979','joaquin.powlowski@example.org','2004-11-26','student.png',0,'2023-08-22',37,1),(99,'Giuseppe Gleason','0777272063','hansen.catherine@example.com','2009-12-22','student.png',0,NULL,36,1),(100,'King Runte','0771709404','fabiola42@example.net','1971-07-15','student.png',0,NULL,28,2),(101,'Dr. Edwin Treutel PhD','0774512963','tess.connelly@example.com','2001-02-18','student.png',0,NULL,3,2),(102,'Lucas Goldner Jr.','0778355182','connelly.betsy@example.com','2007-09-07','student.png',0,'2023-08-22',31,2),(103,'Marjory Schroeder','0778359658','darian86@example.net','1977-10-21','student.png',0,NULL,11,2),(104,'Athena Adams','0771051316','morar.tiffany@example.org','1991-04-25','student.png',0,NULL,32,2),(105,'Royce Bergnaum','0774939293','nicolas.douglas@example.net','1984-04-30','student.png',0,NULL,46,2),(106,'Terrence Bahringer','0771719181','flatley.myrtle@example.net','1971-06-26','student.png',0,'2023-08-22',36,1),(107,'Miss Kendra Pacocha','0774030752','lynch.sharon@example.org','2005-08-07','student.png',0,'2023-08-22',18,2),(108,'Ryley Skiles II','0779902490','kayli.williamson@example.org','2006-08-13','student.png',0,'2023-08-22',27,1),(109,'Gerardo Fahey','0773638091','kreilly@example.org','1990-04-22','student.png',0,'2023-08-22',41,1),(110,'Felicita Howell','0772438502','yost.chandler@example.com','1998-10-24','student.png',0,NULL,28,1),(111,'Catalina Bergnaum','0771487682','burnice.mills@example.org','1972-10-29','student.png',0,'2023-08-22',8,1),(112,'Greyson Kling','0774279672','becker.ines@example.net','1992-09-26','student.png',0,NULL,41,2),(113,'Horace Toy DDS','0771456608','naomie.luettgen@example.com','1998-03-22','student.png',0,NULL,45,1),(114,'Paul O\'Keefe','0773027505','cleo.nitzsche@example.com','1983-11-16','student.png',0,'2023-08-22',48,1),(115,'Dr. Sterling Parker','0771010261','kraig.rowe@example.com','2012-10-16','student.png',0,'2023-08-22',36,2),(116,'Freddy Okuneva','0771809864','angeline.paucek@example.com','2020-11-24','student.png',0,NULL,45,1),(117,'Brown Weber','0778233384','armstrong.amanda@example.org','1973-01-12','student.png',0,'2023-08-22',11,2),(118,'Haylie Lynch','0772841237','lsmitham@example.org','1976-12-02','student.png',0,'2023-08-22',30,1),(119,'Prof. Keaton Rodriguez II','0772243465','iernser@example.net','1980-08-10','student.png',0,'2023-08-22',49,2),(120,'Lilly Medhurst','0774570817','kimberly.carroll@example.com','2016-03-18','student.png',0,NULL,28,1),(121,'Landen Schultz','0775836731','nina13@example.net','1972-06-18','student.png',0,NULL,27,1),(122,'Lily Mayer','0771621458','ramon.morar@example.com','2021-02-06','student.png',0,'2023-08-22',24,1),(123,'Kenneth Hammes','0775164183','eleonore.hickle@example.com','2000-08-30','student.png',0,NULL,10,2),(124,'Miss Andreane Kuvalis','0778802061','vschumm@example.net','1971-10-14','student.png',0,NULL,40,2),(125,'Noe Kuhic','0776549169','isabel83@example.org','1995-09-24','student.png',0,'2023-08-22',6,1),(126,'Mack Grady','0775136712','willard62@example.org','1989-12-08','student.png',0,'2023-08-22',2,1),(127,'Josianne Ruecker Jr.','0775985385','marisa.weissnat@example.org','1977-12-12','student.png',0,'2023-08-22',4,1),(128,'Dr. Edwin Treutel PhD','0771489918','tess.connelly@example.com','2012-04-04','student.png',0,NULL,11,1),(129,'Adell Leffler II','0779230057','abdiel14@example.com','1993-01-19','student.png',0,NULL,22,2),(130,'Athena Adams','0775383371','morar.tiffany@example.org','2004-05-22','student.png',0,'2023-08-22',8,2),(131,'Miss Florence Nikolaus','0774028083','fleuschke@example.com','1987-04-06','student.png',0,NULL,9,2),(132,'Noemy Trantow','0774447648','bulah56@example.com','2011-09-06','student.png',0,'2023-08-22',41,2),(133,'Jerrod Hilpert','0773813473','tatyana.hessel@example.com','1994-11-21','student.png',0,'2023-08-22',26,2),(134,'Mrs. Cassandra Gulgowski','0777697850','thartmann@example.com','1972-05-02','student.png',0,NULL,40,2),(135,'Prof. Maxie Howell','0774197715','marquise15@example.net','1976-01-07','student.png',0,NULL,42,2),(136,'Kenneth Hammes','0771857097','eleonore.hickle@example.com','2023-04-18','student.png',0,NULL,36,1),(137,'Rudolph Ferry','0771146463','nadia.connelly@example.net','2002-01-15','student.png',0,'2023-08-22',10,1),(138,'Gaetano Schneider I','0776144192','watsica.hallie@example.com','1999-07-13','student.png',0,NULL,18,2),(139,'Lilly Medhurst','0777558954','kimberly.carroll@example.com','1977-01-26','student.png',0,'2023-08-22',37,2),(140,'Prof. Ruthie Bergstrom','0778393283','neva32@example.com','2003-04-29','student.png',0,NULL,33,1),(141,'Ansel Gerhold','0774348284','quigley.cora@example.net','1996-05-23','student.png',0,'2023-08-22',46,1),(142,'Gunner Koelpin','0771090295','hardy.gleason@example.com','2017-03-05','student.png',0,NULL,40,1),(143,'Mayra Anderson','0773105943','allison06@example.com','1989-05-12','student.png',0,'2023-08-22',26,1),(144,'Curtis Hermann','0774955308','rodriguez.athena@example.net','1974-03-19','student.png',0,NULL,18,2),(145,'Leonora Kling','0774288713','rashawn44@example.net','1982-10-25','student.png',0,'2023-08-22',37,1),(146,'Ms. Julianne Rempel II','0776228542','pansy87@example.net','2020-09-03','student.png',0,'2023-08-22',27,2),(147,'Neha Cruickshank','0772522969','jacobs.kenya@example.org','2000-01-29','student.png',0,NULL,25,2),(148,'Arlo Sporer','0779265863','madonna53@example.net','2001-07-16','student.png',0,NULL,2,2),(149,'Everett Effertz IV','0772165015','cstroman@example.net','2012-03-07','student.png',0,'2023-08-22',27,2),(150,'Miss Julianne Oberbrunner','0773756057','iharber@example.org','1975-04-19','student.png',0,NULL,38,2),(151,'Eladio Abbott DVM','0778834457','jarred29@example.net','1996-01-15','student.png',0,'2023-08-22',37,2),(152,'Ethyl Beier','0779879826','mcglynn.jaida@example.com','1981-07-19','student.png',0,'2023-08-22',20,2),(153,'Eldora Emmerich','0772893506','chadrick83@example.net','1982-09-19','student.png',0,NULL,9,2),(154,'Amari Deckow','0775429922','miles.barton@example.org','1996-10-22','student.png',0,NULL,43,1),(155,'Elmira Rodriguez','0771826354','veum.orrin@example.com','2002-11-09','student.png',0,'2023-08-22',3,1),(156,'Dr. Myrtie Oberbrunner I','0779619343','florence.ullrich@example.com','1999-10-11','student.png',0,'2023-08-22',26,1),(157,'Dr. Jerod Murazik','0775724176','dominique23@example.net','2001-03-16','student.png',0,'2023-08-22',27,1),(158,'Clotilde Lakin II','0779591753','hand.rylan@example.org','1994-09-10','student.png',0,NULL,43,1),(159,'Brandyn Jenkins','0776703328','paxton.kohler@example.com','2022-08-03','student.png',0,NULL,1,2),(160,'Cruz Haag','0775851707','mackenzie99@example.net','1985-11-27','student.png',0,'2023-08-22',21,1),(161,'Ms. Alaina D\'Amore','0776312163','wilfred63@example.com','1974-01-15','student.png',0,NULL,43,2),(162,'Rudolph Ferry','0773097571','nadia.connelly@example.net','1984-10-24','student.png',0,NULL,35,1),(163,'Miss Kendra Pacocha','0778417284','lynch.sharon@example.org','2002-08-30','student.png',0,'2023-08-22',37,1),(164,'Dr. Gunner Wintheiser','0777114083','kaley.harvey@example.org','1991-08-24','student.png',0,'2023-08-22',35,2),(165,'Dr. Cedrick Ratke','0774899806','jpredovic@example.org','1994-08-12','student.png',0,'2023-08-22',22,1),(166,'Ansel Gerhold','0773842412','quigley.cora@example.net','1970-11-02','student.png',0,NULL,13,1),(167,'Savanah Daniel','0776334085','hconroy@example.org','2017-12-03','student.png',0,'2023-08-22',26,1),(168,'Shanny Nienow','0772812115','tamia18@example.net','2000-11-01','student.png',0,NULL,28,1),(169,'Shaina Wunsch','0778124801','yundt.wade@example.net','2021-10-10','student.png',0,'2023-08-22',28,1),(170,'Gunner Koelpin','0771703441','hardy.gleason@example.com','2009-06-28','student.png',0,'2023-08-22',27,1),(171,'Lawrence Ernser','0776344395','hilda.spinka@example.org','2004-05-10','student.png',0,NULL,47,2),(172,'Donato Conroy','0778247311','jeramy33@example.com','1977-06-06','student.png',0,'2023-08-22',20,2),(173,'Miss Camila Swift','0771016681','purdy.wayne@example.com','1976-10-29','student.png',0,'2023-08-22',15,1),(174,'Gaetano Schneider I','0771242917','watsica.hallie@example.com','1971-12-25','student.png',0,NULL,30,1),(175,'Euna Murphy','0779011248','kautzer.willow@example.org','2007-01-17','student.png',0,NULL,22,1),(176,'Breana Koch IV','0772340611','macey55@example.com','1991-04-05','student.png',0,'2023-08-22',33,1),(177,'Prof. Ollie Mertz MD','0771027182','howe.wilmer@example.net','1997-05-06','student.png',0,'2023-08-22',48,1),(178,'Ben Towne','0778492899','tlowe@example.com','2008-09-13','student.png',0,'2023-08-22',15,2),(179,'Nola Huel I','0779330317','sdurgan@example.com','2010-05-04','student.png',0,NULL,45,1),(180,'Zander Lakin','0776626648','carlotta.hyatt@example.org','2021-08-31','student.png',0,'2023-08-22',39,1),(181,'Roxanne Von','0775539505','muriel88@example.com','1992-03-19','student.png',0,'2023-08-22',37,2),(182,'Everett Effertz IV','0771642039','cstroman@example.net','1997-11-02','student.png',0,'2023-08-22',39,1),(183,'Jaime Bernier II','0773846813','xklein@example.com','2002-07-26','student.png',0,NULL,17,2),(184,'Adonis Durgan','0776102890','laney01@example.net','1996-05-16','student.png',0,'2023-08-22',29,1),(185,'Giles Hauck','0777479949','kuphal.reina@example.net','2008-11-13','student.png',0,NULL,32,2),(186,'Zander Lakin','0774579881','carlotta.hyatt@example.org','1994-05-31','student.png',0,'2023-08-22',4,2),(187,'Easton Bogisich','0779642026','deckow.delmer@example.com','1978-06-23','student.png',0,NULL,11,2),(188,'Dr. Bo Green','0772960620','reilly.oliver@example.net','1970-04-21','student.png',0,'2023-08-22',21,2),(189,'Ambrose Watsica','0771194485','jared.feest@example.net','2009-03-25','student.png',0,'2023-08-22',37,2),(190,'Frederik Rowe','0773507542','vbins@example.org','2019-11-18','student.png',0,'2023-08-22',14,1),(191,'Vena Howell','0778791207','napoleon.ratke@example.com','1990-10-16','student.png',0,NULL,49,1),(192,'Terrence Bahringer','0771581293','flatley.myrtle@example.net','2001-08-30','student.png',0,NULL,22,2),(193,'Jordi Abernathy','0779968467','jennie.heidenreich@example.org','2006-09-22','student.png',0,'2023-08-22',7,2),(194,'Javonte Predovic I','0779541314','leannon.nia@example.com','1974-03-13','student.png',0,'2023-08-22',37,1),(195,'Linda Welch','0778924710','hayley.klocko@example.org','2008-10-14','student.png',0,NULL,24,1),(196,'Miss Camila Swift','0779461416','purdy.wayne@example.com','1979-03-29','student.png',0,NULL,45,1),(197,'Laurie Stroman','0777797129','dibbert.declan@example.net','2013-03-04','student.png',0,'2023-08-22',14,2),(198,'Ruthe Dietrich','0776286311','jorge50@example.org','1975-01-04','student.png',0,NULL,11,2),(199,'Savanah Daniel','0774292812','hconroy@example.org','1977-04-02','student.png',0,NULL,12,1),(200,'Sabina Klocko PhD','0772892658','nicolas.pearlie@example.com','1982-07-10','student.png',0,NULL,23,2),(201,'Neha Cruickshank','0772312900','jacobs.kenya@example.org','2009-07-12','student.png',0,NULL,31,2),(202,'Dr. Rae Langosh','0774377168','tianna03@example.com','2009-04-24','student.png',0,'2023-08-22',46,2),(203,'Dr. Alexzander Robel','0777869390','gottlieb.luis@example.org','2000-12-14','student.png',0,NULL,19,2),(204,'Arlo Sporer','0774637503','madonna53@example.net','2009-03-12','student.png',0,'2023-08-22',12,1),(205,'Dr. Rae Langosh','0773423330','tianna03@example.com','1993-10-09','student.png',0,NULL,16,1),(206,'Mr. Llewellyn Renner','0775501741','iheaney@example.org','2002-04-13','student.png',0,'2023-08-22',45,2),(207,'Mr. Quincy Graham I','0772267340','mckenzie.beau@example.com','1998-08-17','student.png',0,'2023-08-22',6,2),(208,'Taurean Veum','0777211502','virginie61@example.org','1992-07-21','student.png',0,'2023-08-22',16,2),(209,'Shanel Hirthe','0772494047','vlindgren@example.com','1971-09-24','student.png',0,NULL,33,2),(210,'Alvena Beier','0778471239','tristian72@example.net','1990-05-04','student.png',0,'2023-08-22',32,1),(211,'Freda Greenholt','0778736621','ptreutel@example.net','1995-09-04','student.png',0,NULL,26,2),(212,'Lawrence Ernser','0771489967','hilda.spinka@example.org','2019-10-23','student.png',0,NULL,38,1),(213,'Brendan Douglas','0775599103','njaskolski@example.com','1995-12-14','student.png',0,NULL,46,2),(214,'Hal Davis','0771277255','moore.don@example.net','2008-04-17','student.png',0,'2023-08-22',11,2),(215,'Shanel Hirthe','0772633534','vlindgren@example.com','1977-08-30','student.png',0,'2023-08-22',45,2),(216,'Everett Effertz IV','0779397860','cstroman@example.net','2001-03-31','student.png',0,NULL,38,2),(217,'Prof. Trevion Marks','0773769661','josiah07@example.com','2023-03-30','student.png',0,NULL,8,2),(218,'Janessa Erdman I','0778694428','alexandre.heller@example.com','1987-04-27','student.png',0,'2023-08-22',18,1),(219,'Mr. Billy Gleichner V','0777634917','taya06@example.net','2015-01-26','student.png',0,NULL,25,2),(220,'Giles Hauck','0773690691','kuphal.reina@example.net','1993-03-15','student.png',0,NULL,38,2),(221,'Isadore Feest','0775022892','koch.kyler@example.org','1991-05-06','student.png',0,'2023-08-22',41,1),(222,'Lila Homenick','0771781276','cauer@example.net','1993-05-05','student.png',0,NULL,14,1),(223,'Nico Huels','0775705454','pete96@example.net','2021-05-23','student.png',0,'2023-08-22',42,1),(224,'Jerrod Hilpert','0779509222','tatyana.hessel@example.com','1995-10-03','student.png',0,'2023-08-22',26,2),(225,'Wava Robel','0777754618','bergstrom.dulce@example.com','2009-03-21','student.png',0,NULL,32,1),(226,'Amari Deckow','0771101302','miles.barton@example.org','1977-04-19','student.png',0,'2023-08-22',28,2),(227,'Rodger Wilderman','0771620771','king.abel@example.com','1996-08-25','student.png',0,NULL,35,1),(228,'Prof. Trevion Marks','0779129528','josiah07@example.com','1997-01-11','student.png',0,'2023-08-22',13,2),(229,'Jessyca Eichmann','0774527681','bernadine26@example.org','1996-03-24','student.png',0,'2023-08-22',2,1),(230,'Ms. Lilliana Ernser','0776555485','dauer@example.com','1972-10-31','student.png',0,NULL,39,2),(231,'Miss Zola Crona','0778023993','wuckert.marjolaine@example.net','2000-12-14','student.png',0,NULL,48,1),(232,'Emilia Marquardt','0776986392','tcarter@example.com','2009-05-19','student.png',0,NULL,1,2),(233,'Sasha Sporer','0772691057','orlo.boehm@example.org','1984-07-04','student.png',0,NULL,7,2),(234,'Ms. Rachel Leannon MD','0777364508','schimmel.layne@example.com','1979-10-14','student.png',0,NULL,12,2),(235,'Janessa Erdman I','0779371225','alexandre.heller@example.com','1982-03-27','student.png',0,'2023-08-22',2,2),(236,'Ashly Bernier','0771510886','kasey.cole@example.org','2007-12-15','student.png',0,NULL,30,2),(237,'Neha Cruickshank','0772848756','jacobs.kenya@example.org','1980-06-17','student.png',0,'2023-08-22',22,2),(238,'Prof. Avis Carroll','0771581394','haley.libby@example.com','1994-12-08','student.png',0,NULL,5,2),(239,'Pearline Raynor','0771899908','zora.wuckert@example.net','1987-09-20','student.png',0,'2023-08-22',7,1),(240,'Ona Toy','0773875577','eliza.cassin@example.org','1981-06-15','student.png',0,'2023-08-22',44,1),(241,'Clarabelle Morissette','0778076948','terrance87@example.com','1994-01-23','student.png',0,NULL,38,1),(242,'Ernest Sanford MD','0774282434','nayeli27@example.com','1996-05-01','student.png',0,NULL,16,1),(243,'Prof. Aditya Waters','0774508708','wayne.schroeder@example.org','2022-06-03','student.png',0,NULL,31,1),(244,'Prof. Aditya Waters','0771696176','wayne.schroeder@example.org','1989-08-17','student.png',0,NULL,44,2),(245,'Robert Herzog','0779476971','ray.bogisich@example.org','2016-08-12','student.png',0,NULL,25,1),(246,'Clarabelle Morissette','0773928637','terrance87@example.com','2002-07-14','student.png',0,NULL,5,1),(247,'Mrs. Halie Leuschke Sr.','0773046003','wwunsch@example.org','2012-09-04','student.png',0,'2023-08-22',7,2),(248,'Dr. Cedrick Ratke','0771125273','jpredovic@example.org','1995-10-02','student.png',0,'2023-08-22',17,1),(249,'Giuseppe Gleason','0773765961','hansen.catherine@example.com','1974-07-24','student.png',0,'2023-08-22',33,1),(250,'Leonora Kling','0773800784','rashawn44@example.net','1995-11-28','student.png',0,'2023-08-22',21,2),(251,'Dominique Flatley','0774251500','kamron18@example.com','2019-11-17','student.png',0,'2023-08-22',42,1),(252,'Ruth King','0776444629','turner.laurie@example.org','1998-10-06','student.png',0,NULL,26,2),(253,'Dr. Maximilian Shields','0776321262','gleffler@example.com','1977-08-24','student.png',0,NULL,12,1),(254,'Prof. Trevion Marks','0775804141','josiah07@example.com','2021-05-13','student.png',0,NULL,44,1),(255,'Miss Florence Nikolaus','0771977752','fleuschke@example.com','1999-11-01','student.png',0,'2023-08-22',23,2),(256,'Alden Reilly','0771242598','queen.sauer@example.net','1997-02-15','student.png',0,'2023-08-22',2,1),(257,'Sydney Kiehn V','0776943699','iwilkinson@example.org','2010-12-02','student.png',0,'2023-08-22',47,2),(258,'Dr. Julie Johnston Jr.','0774165314','hazle.fay@example.org','1990-07-25','student.png',0,'2023-08-22',44,2),(259,'Ivory Jaskolski','0774077453','legros.sarai@example.net','1998-09-27','student.png',0,'2023-08-22',3,1),(260,'Ms. Alaina D\'Amore','0775255392','wilfred63@example.com','2013-08-18','student.png',0,'2023-08-22',43,1),(261,'Omari Hoppe','0771830322','florence.lueilwitz@example.net','1986-03-25','student.png',0,NULL,47,2),(262,'Miss Julianne Oberbrunner','0776625714','iharber@example.org','1986-10-10','student.png',0,NULL,26,1),(263,'Dr. Hubert Brekke DDS','0773714757','brando81@example.org','2019-01-17','student.png',0,'2023-08-22',47,2),(264,'Kitty Nolan Sr.','0775778423','rice.alexandria@example.com','1980-11-19','student.png',0,NULL,19,2),(265,'Melany Bartoletti','0777186387','zohara@example.net','1981-09-22','student.png',0,NULL,30,1),(266,'Giles Hauck','0772010626','kuphal.reina@example.net','2009-03-10','student.png',0,'2023-08-22',22,1),(267,'Myra Cole','0772901611','loma79@example.org','1971-04-06','student.png',0,NULL,32,2),(268,'Dominique Flatley','0775822311','kamron18@example.com','2008-08-20','student.png',0,NULL,24,1),(269,'Miss Andreane Kuvalis','0773317285','vschumm@example.net','2003-11-01','student.png',0,NULL,7,2),(270,'Dr. Gunner Wintheiser','0773787286','kaley.harvey@example.org','1988-03-24','student.png',0,'2023-08-22',47,2),(271,'Euna Murphy','0772716270','kautzer.willow@example.org','2013-07-29','student.png',0,'2023-08-22',37,1),(272,'Brown Weber','0772275972','armstrong.amanda@example.org','2010-03-14','student.png',0,'2023-08-22',32,1),(273,'Javonte Predovic I','0773037868','leannon.nia@example.com','1977-08-30','student.png',0,'2023-08-22',37,1),(274,'Ms. Berniece Boyle Sr.','0775213537','michel.damore@example.net','1974-10-15','student.png',0,NULL,33,2),(275,'Mr. Billy Gleichner V','0773068674','taya06@example.net','1978-09-06','student.png',0,'2023-08-22',37,2),(276,'Clarabelle Morissette','0773730985','terrance87@example.com','1991-03-05','student.png',0,'2023-08-22',26,1),(277,'Ursula Kemmer','0776281789','aisha30@example.net','2022-09-15','student.png',0,NULL,37,2),(278,'Candace Lebsack','0772444253','uhamill@example.org','1995-11-21','student.png',0,'2023-08-22',34,2),(279,'Adonis Durgan','0779729390','laney01@example.net','2011-12-16','student.png',0,'2023-08-22',2,2),(280,'Madison Lynch','0771289073','mlind@example.com','1987-08-31','student.png',0,NULL,27,2),(281,'Dr. Myrtie Oberbrunner I','0771183159','florence.ullrich@example.com','1980-10-24','student.png',0,NULL,40,1),(282,'Terrill Cormier','0778356208','genevieve.wiza@example.net','2005-05-29','student.png',0,NULL,9,2),(283,'Noe Kuhic','0777633752','isabel83@example.org','2003-03-13','student.png',0,'2023-08-22',48,1),(284,'Okey Baumbach','0775877790','kale60@example.com','2006-07-06','student.png',0,NULL,13,2),(285,'Verla Mills','0774755686','llittel@example.com','1979-11-17','student.png',0,NULL,8,2),(286,'Michel Harvey','0773168771','loyce.moore@example.net','2013-09-24','student.png',0,NULL,33,1),(287,'Sydney Kiehn V','0776035187','iwilkinson@example.org','2019-07-11','student.png',0,NULL,7,2),(288,'Mckenzie Legros','0774630423','kbrown@example.net','1975-01-08','student.png',0,'2023-08-22',20,1),(289,'Rodolfo Thiel','0779160823','eula47@example.com','1978-05-18','student.png',0,NULL,43,2),(290,'Everett Effertz IV','0774331151','cstroman@example.net','2004-07-26','student.png',0,NULL,19,1),(291,'Miss Marcella Dibbert','0777322515','schmeler.shirley@example.net','2017-04-13','student.png',0,NULL,40,1),(292,'Brenna Heller','0771105979','becker.jade@example.net','2004-12-05','student.png',0,'2023-08-22',36,1),(293,'Dr. Alexandre Kirlin','0774667305','carlos08@example.com','2013-06-17','student.png',0,NULL,13,1),(294,'Murphy Renner MD','0777805918','fkoss@example.net','2011-09-19','student.png',0,'2023-08-22',49,1),(295,'Keshaun Powlowski','0779530201','geraldine.goldner@example.org','1985-07-19','student.png',0,'2023-08-22',31,2),(296,'Noe Kuhic','0777425034','isabel83@example.org','2022-12-25','student.png',0,NULL,13,1),(297,'Tommie Mitchell','0773739233','marina.herman@example.net','1973-06-10','student.png',0,'2023-08-22',19,1),(298,'Hilda Howe','0772182007','renner.briana@example.org','2020-12-19','student.png',0,NULL,38,2),(299,'Blake Wolff','0776251961','koch.judy@example.com','2006-03-11','student.png',0,'2023-08-22',8,1),(300,'Lizeth Hoppe IV','0777404760','kherman@example.com','1987-03-17','student.png',0,NULL,31,1),(301,'Clotilde Lakin II','0775801670','hand.rylan@example.org','1974-08-19','student.png',0,NULL,25,1),(302,'Adell Leffler II','0773981886','abdiel14@example.com','1986-03-24','student.png',0,NULL,39,1),(303,'Sydney Kiehn V','0773703646','iwilkinson@example.org','1981-11-21','student.png',0,NULL,47,2);
/*!40000 ALTER TABLE `students` ENABLE KEYS */;
UNLOCK TABLES;

--
-- Table structure for table `subjects`
--

DROP TABLE IF EXISTS `subjects`;
/*!40101 SET @saved_cs_client     = @@character_set_client */;
/*!50503 SET character_set_client = utf8mb4 */;
CREATE TABLE `subjects` (
  `id` int NOT NULL AUTO_INCREMENT,
  `name` varchar(45) NOT NULL,
  PRIMARY KEY (`id`)
) ENGINE=InnoDB AUTO_INCREMENT=21 DEFAULT CHARSET=utf8mb4 COLLATE=utf8mb4_0900_ai_ci;
/*!40101 SET character_set_client = @saved_cs_client */;

--
-- Dumping data for table `subjects`
--

LOCK TABLES `subjects` WRITE;
/*!40000 ALTER TABLE `subjects` DISABLE KEYS */;
INSERT INTO `subjects` VALUES (1,'Mathematics'),(2,'English'),(3,'Science'),(4,'History'),(5,'Geography'),(6,'Physical Education'),(7,'Computer Science'),(8,'Biology'),(9,'Chemistry'),(10,'Physics'),(11,'Art'),(12,'Music'),(13,'Social Studies'),(14,'Economics'),(15,'Foreign Language'),(16,'Health Education'),(17,'Literature'),(18,'Civics'),(19,'Psychology'),(20,'Sociology');
/*!40000 ALTER TABLE `subjects` ENABLE KEYS */;
UNLOCK TABLES;

--
-- Table structure for table `submissions`
--

DROP TABLE IF EXISTS `submissions`;
/*!40101 SET @saved_cs_client     = @@character_set_client */;
/*!50503 SET character_set_client = utf8mb4 */;
CREATE TABLE `submissions` (
  `id` int NOT NULL AUTO_INCREMENT,
  `file` varchar(45) NOT NULL,
  `submitted_at` datetime NOT NULL,
  `marks` int DEFAULT NULL,
  `assignment_id` int NOT NULL,
  `student_id` int NOT NULL,
  PRIMARY KEY (`id`),
  KEY `fk_submissions_assignments1_idx` (`assignment_id`),
  KEY `fk_submissions_students1_idx` (`student_id`),
  CONSTRAINT `fk_submissions_assignments1` FOREIGN KEY (`assignment_id`) REFERENCES `assignments` (`id`) ON DELETE CASCADE ON UPDATE CASCADE,
  CONSTRAINT `fk_submissions_students1` FOREIGN KEY (`student_id`) REFERENCES `students` (`id`)
) ENGINE=InnoDB AUTO_INCREMENT=102 DEFAULT CHARSET=utf8mb4 COLLATE=utf8mb4_0900_ai_ci;
/*!40101 SET character_set_client = @saved_cs_client */;

--
-- Dumping data for table `submissions`
--

LOCK TABLES `submissions` WRITE;
/*!40000 ALTER TABLE `submissions` DISABLE KEYS */;
INSERT INTO `submissions` VALUES (2,'64e31852523bf.pdf','2023-08-25 15:57:34',NULL,53,91),(3,'64e31852523bf.pdf','2023-08-27 15:57:34',NULL,53,86),(4,'64e318267bbbd.pdf','2023-08-28 15:57:34',NULL,8,87),(5,'64e318267bbbd.pdf','2023-08-23 15:57:34',NULL,18,53),(6,'64e318267bbbd.pdf','2023-08-25 15:57:34',NULL,33,291),(7,'64e318267bbbd.pdf','2023-08-25 15:57:34',NULL,24,12),(8,'64e318267bbbd.pdf','2023-08-26 15:57:34',NULL,22,93),(9,'64e31852523bf.pdf','2023-08-27 15:57:34',NULL,30,161),(10,'64e31852523bf.pdf','2023-08-25 15:57:34',NULL,29,80),(11,'64e318267bbbd.pdf','2023-08-28 15:57:34',NULL,38,238),(12,'64e318267bbbd.pdf','2023-08-25 15:57:34',NULL,46,227),(13,'64e31852523bf.pdf','2023-08-25 15:57:34',NULL,49,263),(14,'64e31852523bf.pdf','2023-08-28 15:57:34',NULL,40,236),(15,'64e318267bbbd.pdf','2023-08-24 15:57:34',NULL,42,68),(16,'64e31852523bf.pdf','2023-08-23 15:57:34',NULL,15,7),(17,'64e318267bbbd.pdf','2023-08-25 15:57:34',NULL,38,199),(18,'64e31852523bf.pdf','2023-08-23 15:57:34',NULL,50,227),(19,'64e318267bbbd.pdf','2023-08-23 15:57:34',NULL,16,88),(20,'64e31852523bf.pdf','2023-08-27 15:57:34',NULL,15,22),(21,'64e318267bbbd.pdf','2023-08-24 15:57:34',NULL,20,229),(22,'64e31852523bf.pdf','2023-08-28 15:57:34',NULL,53,37),(23,'64e318267bbbd.pdf','2023-08-23 15:57:34',NULL,5,239),(24,'64e318267bbbd.pdf','2023-08-28 15:57:34',NULL,33,116),(25,'64e31852523bf.pdf','2023-08-23 15:57:34',NULL,20,259),(26,'64e31852523bf.pdf','2023-08-27 15:57:34',NULL,32,233),(27,'64e318267bbbd.pdf','2023-08-27 15:57:34',NULL,26,143),(28,'64e318267bbbd.pdf','2023-08-25 15:57:34',NULL,14,127),(29,'64e31852523bf.pdf','2023-08-28 15:57:34',NULL,35,237),(30,'64e318267bbbd.pdf','2023-08-23 15:57:34',NULL,9,221),(31,'64e31852523bf.pdf','2023-08-26 15:57:34',NULL,27,190),(32,'64e31852523bf.pdf','2023-08-27 15:57:34',NULL,30,182),(33,'64e318267bbbd.pdf','2023-08-26 15:57:34',NULL,29,281),(34,'64e318267bbbd.pdf','2023-08-25 15:57:34',NULL,55,193),(35,'64e31852523bf.pdf','2023-08-28 15:57:34',NULL,23,122),(36,'64e31852523bf.pdf','2023-08-27 15:57:34',NULL,7,295),(37,'64e318267bbbd.pdf','2023-08-28 15:57:34',NULL,46,63),(38,'64e31852523bf.pdf','2023-08-26 15:57:34',NULL,27,48),(39,'64e31852523bf.pdf','2023-08-23 15:57:34',NULL,13,16),(40,'64e318267bbbd.pdf','2023-08-25 15:57:34',NULL,6,79),(41,'64e318267bbbd.pdf','2023-08-27 15:57:34',NULL,48,272),(42,'64e318267bbbd.pdf','2023-08-26 15:57:34',NULL,8,218),(43,'64e31852523bf.pdf','2023-08-28 15:57:34',NULL,16,105),(44,'64e318267bbbd.pdf','2023-08-24 15:57:34',NULL,15,250),(45,'64e31852523bf.pdf','2023-08-28 15:57:34',NULL,7,29),(46,'64e318267bbbd.pdf','2023-08-26 15:57:34',NULL,47,159),(47,'64e31852523bf.pdf','2023-08-26 15:57:34',NULL,10,213),(48,'64e318267bbbd.pdf','2023-08-24 15:57:34',NULL,6,5),(49,'64e318267bbbd.pdf','2023-08-26 15:57:34',NULL,34,274),(50,'64e318267bbbd.pdf','2023-08-27 15:57:34',NULL,13,291),(51,'64e318267bbbd.pdf','2023-08-25 15:57:34',NULL,6,177),(52,'64e31852523bf.pdf','2023-08-23 15:57:34',NULL,6,39),(53,'64e318267bbbd.pdf','2023-08-25 15:57:34',NULL,4,190),(54,'64e318267bbbd.pdf','2023-08-27 15:57:34',NULL,9,28),(55,'64e31852523bf.pdf','2023-08-28 15:57:34',NULL,41,5),(56,'64e31852523bf.pdf','2023-08-26 15:57:34',NULL,27,42),(57,'64e318267bbbd.pdf','2023-08-24 15:57:34',NULL,42,220),(58,'64e31852523bf.pdf','2023-08-27 15:57:34',NULL,21,278),(59,'64e31852523bf.pdf','2023-08-23 15:57:34',NULL,14,13),(60,'64e318267bbbd.pdf','2023-08-23 15:57:34',NULL,28,20),(61,'64e318267bbbd.pdf','2023-08-23 15:57:34',NULL,41,227),(62,'64e31852523bf.pdf','2023-08-28 15:57:34',NULL,52,260),(63,'64e31852523bf.pdf','2023-08-23 15:57:34',NULL,13,175),(64,'64e31852523bf.pdf','2023-08-23 15:57:34',NULL,19,287),(65,'64e318267bbbd.pdf','2023-08-24 15:57:34',NULL,17,28),(66,'64e31852523bf.pdf','2023-08-28 15:57:34',NULL,13,265),(67,'64e31852523bf.pdf','2023-08-26 15:57:34',NULL,28,270),(68,'64e318267bbbd.pdf','2023-08-24 15:57:34',NULL,45,99),(69,'64e31852523bf.pdf','2023-08-28 15:57:34',NULL,9,106),(70,'64e31852523bf.pdf','2023-08-28 15:57:34',NULL,12,254),(71,'64e318267bbbd.pdf','2023-08-26 15:57:34',NULL,23,255),(72,'64e318267bbbd.pdf','2023-08-25 15:57:34',NULL,21,57),(73,'64e318267bbbd.pdf','2023-08-24 15:57:34',NULL,27,15),(74,'64e31852523bf.pdf','2023-08-25 15:57:34',NULL,19,231),(75,'64e318267bbbd.pdf','2023-08-23 15:57:34',NULL,44,280),(76,'64e31852523bf.pdf','2023-08-27 15:57:34',NULL,17,7),(77,'64e318267bbbd.pdf','2023-08-27 15:57:34',NULL,17,130),(78,'64e318267bbbd.pdf','2023-08-23 15:57:34',NULL,52,16),(79,'64e318267bbbd.pdf','2023-08-24 15:57:34',NULL,6,61),(80,'64e318267bbbd.pdf','2023-08-27 15:57:34',NULL,37,85),(81,'64e318267bbbd.pdf','2023-08-24 15:57:34',NULL,10,250),(82,'64e31852523bf.pdf','2023-08-28 15:57:34',NULL,10,141),(83,'64e318267bbbd.pdf','2023-08-23 15:57:34',NULL,38,237),(84,'64e318267bbbd.pdf','2023-08-24 15:57:34',NULL,37,198),(85,'64e318267bbbd.pdf','2023-08-26 15:57:34',NULL,43,246),(86,'64e31852523bf.pdf','2023-08-27 15:57:34',NULL,17,130),(87,'64e318267bbbd.pdf','2023-08-26 15:57:35',NULL,51,264),(88,'64e318267bbbd.pdf','2023-08-25 15:57:35',NULL,42,242),(89,'64e318267bbbd.pdf','2023-08-27 15:57:35',NULL,42,270),(90,'64e31852523bf.pdf','2023-08-24 15:57:35',NULL,18,73),(91,'64e318267bbbd.pdf','2023-08-28 15:57:35',NULL,40,180),(92,'64e318267bbbd.pdf','2023-08-25 15:57:35',NULL,25,70),(93,'64e31852523bf.pdf','2023-08-26 15:57:35',NULL,13,217),(94,'64e318267bbbd.pdf','2023-08-27 15:57:35',NULL,46,143),(95,'64e318267bbbd.pdf','2023-08-25 15:57:35',NULL,24,18),(96,'64e318267bbbd.pdf','2023-08-25 15:57:35',NULL,21,219),(97,'64e318267bbbd.pdf','2023-08-23 15:57:35',NULL,44,137),(98,'64e318267bbbd.pdf','2023-08-25 15:57:35',NULL,13,159),(99,'64e31852523bf.pdf','2023-08-24 15:57:35',NULL,5,95),(100,'64e318267bbbd.pdf','2023-08-26 15:57:35',NULL,20,288),(101,'64e318267bbbd.pdf','2023-08-28 15:57:35',NULL,29,214);
/*!40000 ALTER TABLE `submissions` ENABLE KEYS */;
UNLOCK TABLES;

--
-- Table structure for table `teacher_grades`
--

DROP TABLE IF EXISTS `teacher_grades`;
/*!40101 SET @saved_cs_client     = @@character_set_client */;
/*!50503 SET character_set_client = utf8mb4 */;
CREATE TABLE `teacher_grades` (
  `id` int NOT NULL AUTO_INCREMENT,
  `grade` int NOT NULL,
  `teacher_id` int NOT NULL,
  PRIMARY KEY (`id`),
  KEY `fk_teacher_grades_teachers1_idx` (`teacher_id`),
  CONSTRAINT `fk_teacher_grades_teachers1` FOREIGN KEY (`teacher_id`) REFERENCES `teachers` (`id`)
) ENGINE=InnoDB AUTO_INCREMENT=157 DEFAULT CHARSET=utf8mb3;
/*!40101 SET character_set_client = @saved_cs_client */;

--
-- Dumping data for table `teacher_grades`
--

LOCK TABLES `teacher_grades` WRITE;
/*!40000 ALTER TABLE `teacher_grades` DISABLE KEYS */;
INSERT INTO `teacher_grades` VALUES (7,7,21),(8,12,28),(9,2,14),(10,7,5),(11,10,35),(12,4,39),(13,10,44),(14,2,29),(15,10,17),(16,10,6),(17,5,35),(18,8,18),(19,7,15),(20,3,21),(21,9,37),(22,9,5),(23,1,42),(24,5,9),(25,7,25),(26,3,7),(27,7,44),(28,11,30),(29,3,10),(30,7,12),(31,13,28),(32,3,29),(33,3,42),(34,8,37),(35,2,12),(36,8,29),(37,1,48),(38,12,8),(39,10,7),(40,10,36),(41,10,31),(42,13,7),(43,12,52),(44,7,13),(45,3,23),(46,10,9),(47,4,11),(48,1,7),(49,13,38),(50,12,51),(51,1,7),(52,12,16),(53,10,49),(54,3,45),(55,12,34),(56,8,17),(57,9,27),(58,1,19),(59,5,45),(60,9,36),(61,1,10),(62,5,20),(63,3,51),(64,10,23),(65,10,52),(66,5,42),(67,4,32),(68,9,46),(69,4,35),(70,10,48),(71,13,17),(72,10,40),(73,13,15),(74,7,44),(75,7,36),(76,6,19),(77,11,35),(78,12,52),(79,7,36),(80,5,38),(81,13,13),(82,3,50),(83,7,15),(84,8,53),(85,1,38),(86,1,21),(87,9,36),(88,8,32),(89,4,13),(90,12,23),(91,10,18),(92,6,37),(93,8,51),(94,13,49),(95,7,50),(96,12,44),(97,11,47),(98,4,19),(99,1,49),(100,5,31),(101,2,11),(102,13,19),(103,10,29),(104,12,9),(105,8,28),(106,10,21),(107,8,51),(108,8,8),(109,3,36),(110,4,8),(111,13,7),(112,7,9),(113,7,34),(114,10,48),(115,1,22),(116,1,44),(117,7,12),(118,7,11),(119,8,53),(120,5,27),(121,8,42),(122,10,34),(123,9,48),(124,3,50),(125,9,27),(126,8,44),(127,10,11),(128,11,11),(129,4,44),(130,3,14),(131,1,51),(132,4,24),(133,13,21),(134,1,37),(135,5,49),(136,10,14),(137,10,43),(138,1,43),(139,7,37),(140,9,41),(141,3,20),(142,11,10),(143,10,14),(144,3,26),(145,6,26),(146,3,50),(147,6,9),(148,6,4),(149,12,37),(150,6,22),(151,9,11),(152,10,52),(153,7,36),(154,6,15),(155,7,41),(156,6,5);
/*!40000 ALTER TABLE `teacher_grades` ENABLE KEYS */;
UNLOCK TABLES;

--
-- Table structure for table `teacher_has_subjects`
--

DROP TABLE IF EXISTS `teacher_has_subjects`;
/*!40101 SET @saved_cs_client     = @@character_set_client */;
/*!50503 SET character_set_client = utf8mb4 */;
CREATE TABLE `teacher_has_subjects` (
  `id` int NOT NULL AUTO_INCREMENT,
  `teacher_id` int NOT NULL,
  `subject_id` int NOT NULL,
  PRIMARY KEY (`id`,`teacher_id`,`subject_id`),
  KEY `fk_teachers_has_subjects_subjects1_idx` (`subject_id`),
  KEY `fk_teachers_has_subjects_teachers1_idx` (`teacher_id`),
  CONSTRAINT `fk_teachers_has_subjects_subjects1` FOREIGN KEY (`subject_id`) REFERENCES `subjects` (`id`),
  CONSTRAINT `fk_teachers_has_subjects_teachers1` FOREIGN KEY (`teacher_id`) REFERENCES `teachers` (`id`)
) ENGINE=InnoDB AUTO_INCREMENT=156 DEFAULT CHARSET=utf8mb4 COLLATE=utf8mb4_0900_ai_ci;
/*!40101 SET character_set_client = @saved_cs_client */;

--
-- Dumping data for table `teacher_has_subjects`
--

LOCK TABLES `teacher_has_subjects` WRITE;
/*!40000 ALTER TABLE `teacher_has_subjects` DISABLE KEYS */;
INSERT INTO `teacher_has_subjects` VALUES (10,31,1),(16,10,1),(29,49,1),(42,52,1),(58,22,1),(64,31,1),(68,15,1),(78,52,1),(86,50,1),(96,9,1),(111,30,1),(115,42,1),(132,34,1),(8,26,2),(71,36,2),(79,22,2),(95,4,2),(112,36,2),(119,28,2),(124,46,2),(145,49,2),(147,31,2),(155,24,2),(30,30,3),(34,14,3),(51,20,3),(77,32,3),(123,52,3),(134,35,3),(9,40,4),(14,44,4),(22,22,4),(24,5,4),(73,45,4),(81,12,4),(92,32,4),(100,21,4),(105,45,4),(107,39,4),(102,8,5),(106,36,5),(128,8,5),(153,18,5),(45,41,6),(67,31,6),(83,35,6),(122,27,6),(135,37,6),(23,26,7),(38,20,7),(88,28,7),(116,25,7),(117,19,7),(18,44,8),(25,43,8),(53,5,8),(63,31,8),(76,7,8),(103,5,8),(109,23,8),(143,31,8),(93,33,9),(113,52,9),(120,29,9),(126,13,9),(139,45,9),(140,52,9),(148,5,9),(154,47,9),(6,10,10),(11,28,10),(60,19,10),(75,49,10),(121,28,10),(136,41,10),(151,35,10),(17,28,11),(61,12,11),(62,9,11),(80,42,11),(85,49,11),(104,36,11),(127,26,11),(149,25,11),(152,40,11),(13,45,12),(26,23,12),(32,51,12),(46,34,12),(54,48,12),(90,36,12),(97,26,12),(146,17,12),(48,18,13),(50,23,13),(65,13,13),(99,48,13),(101,17,13),(110,9,13),(125,19,13),(7,47,14),(19,23,14),(27,40,14),(37,25,14),(87,11,14),(137,15,14),(142,40,14),(15,6,15),(35,15,15),(40,12,15),(49,25,15),(55,33,15),(57,41,15),(59,9,15),(74,8,15),(144,52,15),(12,36,16),(20,39,16),(47,49,16),(52,18,16),(70,42,16),(133,44,16),(21,24,17),(31,9,17),(41,50,17),(44,53,17),(89,22,17),(138,43,17),(28,23,18),(36,38,18),(56,32,18),(69,50,18),(94,18,18),(129,51,18),(130,37,18),(131,47,18),(43,45,19),(72,4,19),(91,31,19),(98,17,19),(108,5,19),(114,26,19),(118,34,19),(33,5,20),(39,14,20),(66,41,20),(82,45,20),(84,35,20),(141,44,20),(150,26,20);
/*!40000 ALTER TABLE `teacher_has_subjects` ENABLE KEYS */;
UNLOCK TABLES;

--
-- Table structure for table `teachers`
--

DROP TABLE IF EXISTS `teachers`;
/*!40101 SET @saved_cs_client     = @@character_set_client */;
/*!50503 SET character_set_client = utf8mb4 */;
CREATE TABLE `teachers` (
  `id` int NOT NULL AUTO_INCREMENT,
  `name` varchar(100) NOT NULL,
  `email` varchar(80) NOT NULL,
  `mobile` varchar(10) NOT NULL,
  `image` varchar(45) NOT NULL DEFAULT 'teacher.png',
  `is_removed` tinyint NOT NULL DEFAULT '0',
  `verified_at` date DEFAULT NULL,
  `city_id` int NOT NULL,
  `gender_id` int NOT NULL,
  PRIMARY KEY (`id`),
  KEY `fk_teachers_cities1_idx` (`city_id`),
  KEY `fk_teachers_genders1_idx` (`gender_id`),
  CONSTRAINT `fk_teachers_cities1` FOREIGN KEY (`city_id`) REFERENCES `cities` (`id`),
  CONSTRAINT `fk_teachers_genders1` FOREIGN KEY (`gender_id`) REFERENCES `genders` (`id`)
) ENGINE=InnoDB AUTO_INCREMENT=54 DEFAULT CHARSET=utf8mb4 COLLATE=utf8mb4_0900_ai_ci;
/*!40101 SET character_set_client = @saved_cs_client */;

--
-- Dumping data for table `teachers`
--

LOCK TABLES `teachers` WRITE;
/*!40000 ALTER TABLE `teachers` DISABLE KEYS */;
INSERT INTO `teachers` VALUES (4,'Stan Johnson','littel.darion@example.net','0779885688','teacher.png',0,'2023-08-22',11,1),(5,'Corrine King','daren.hand@example.net','0775640734','teacher.png',0,NULL,7,1),(6,'Nakia Pfannerstill','macy.pollich@example.net','0774133428','teacher.png',0,NULL,28,2),(7,'Madge McCullough','colby.hoppe@example.net','0772240131','teacher.png',0,'2023-08-22',2,2),(8,'Camilla Shanahan','claudie.howe@example.net','0774270856','teacher.png',0,'2023-08-22',24,2),(9,'Trisha Erdman','cremin.kurtis@example.org','0774915363','teacher.png',0,NULL,28,2),(10,'Rosalind Pollich I','jerod.abernathy@example.net','0779818534','teacher.png',0,NULL,45,2),(11,'Desmond Harris DDS','tgleichner@example.net','0777693904','teacher.png',0,'2023-08-22',4,1),(12,'Madge McCullough','colby.hoppe@example.net','0779168281','teacher.png',0,NULL,8,1),(13,'Dr. Carmel Kunde MD','ejohnson@example.com','0771364434','teacher.png',0,'2023-08-22',1,2),(14,'Marian Kautzer','pyost@example.net','0779613614','teacher.png',0,'2023-08-22',42,2),(15,'Rosalee Lehner','leffler.emerald@example.org','0778063981','teacher.png',0,NULL,41,2),(16,'Shawn Adams','vonrueden.earnest@example.com','0771854535','teacher.png',0,NULL,43,2),(17,'Kolby Kunde','rodriguez.erich@example.net','0776250100','teacher.png',0,NULL,22,1),(18,'Camilla Shanahan','claudie.howe@example.net','0774661415','teacher.png',0,'2023-08-22',21,2),(19,'Princess Pollich DVM','walsh.colton@example.com','0773184619','teacher.png',0,'2023-08-22',19,2),(20,'Kendrick Mosciski DVM','keanu55@example.com','0776920728','teacher.png',0,'2023-08-22',2,1),(21,'Mariana Shields','octavia15@example.net','0774068687','teacher.png',0,'2023-08-22',28,2),(22,'Serenity Lang','claudine.hintz@example.net','0779879995','teacher.png',0,'2023-08-22',17,2),(23,'Prof. Luther Vandervort','heber.jacobi@example.com','0779043958','teacher.png',0,'2023-08-22',6,2),(24,'Miss Ruth Stehr V','bins.berry@example.net','0776329575','teacher.png',0,'2023-08-22',27,1),(25,'Jeanie Becker','hessel.maryam@example.net','0774920107','teacher.png',0,'2023-08-22',42,1),(26,'Madge McCullough','colby.hoppe@example.net','0777045346','teacher.png',0,NULL,39,2),(27,'Miss Ruth Stehr V','bins.berry@example.net','0774632794','teacher.png',0,NULL,4,2),(28,'Shawn Adams','vonrueden.earnest@example.com','0772033485','teacher.png',0,'2023-08-22',25,1),(29,'Camilla Shanahan','claudie.howe@example.net','0777731527','teacher.png',0,'2023-08-22',3,2),(30,'Kayden Breitenberg','madeline61@example.net','0774871995','teacher.png',0,NULL,5,1),(31,'Gaston Bradtke','elaina88@example.com','0772293547','teacher.png',0,'2023-08-22',34,1),(32,'Dr. Clara Hayes','heidenreich.keyshawn@example.com','0774121998','teacher.png',0,'2023-08-22',42,1),(33,'Emil Schmidt','laney.ferry@example.com','0778412150','teacher.png',0,NULL,11,1),(34,'Rosalind Pollich I','jerod.abernathy@example.net','0774524460','teacher.png',0,NULL,22,1),(35,'Prof. Luther Vandervort','heber.jacobi@example.com','0777018021','teacher.png',0,'2023-08-22',12,2),(36,'Nakia Pfannerstill','macy.pollich@example.net','0771604814','teacher.png',0,NULL,43,1),(37,'Nolan Mosciski','turcotte.lupe@example.org','0776052171','teacher.png',0,'2023-08-22',28,2),(38,'Emil Schmidt','laney.ferry@example.com','0777029296','teacher.png',0,'2023-08-22',9,1),(39,'Genesis McDermott MD','norris21@example.net','0776639180','teacher.png',0,'2023-08-22',6,2),(40,'Rowan Batz','cormier.maximo@example.com','0774080452','teacher.png',0,'2023-08-22',49,1),(41,'Leda Schulist IV','dkoss@example.org','0776313798','teacher.png',0,'2023-08-22',21,1),(42,'Mariana Shields','octavia15@example.net','0777560446','teacher.png',0,NULL,6,2),(43,'Yasmin Schoen','urosenbaum@example.com','0774282129','teacher.png',0,'2023-08-22',38,2),(44,'Leda Schulist IV','dkoss@example.org','0776391757','teacher.png',0,NULL,12,1),(45,'Rowan Batz','cormier.maximo@example.com','0777646647','teacher.png',0,'2023-08-22',36,1),(46,'Nolan Mosciski','turcotte.lupe@example.org','0773297997','teacher.png',0,NULL,10,2),(47,'Corrine King','daren.hand@example.net','0773615736','teacher.png',0,NULL,47,2),(48,'Mariana Shields','octavia15@example.net','0771849152','teacher.png',0,'2023-08-22',25,2),(49,'Stan Johnson','littel.darion@example.net','0776041240','teacher.png',0,'2023-08-22',5,2),(50,'Kolby Kunde','rodriguez.erich@example.net','0776850867','teacher.png',0,'2023-08-22',9,2),(51,'Trisha Erdman','cremin.kurtis@example.org','0774292308','teacher.png',0,NULL,48,1),(52,'Christophe Rippin','fpagac@example.net','0772306851','teacher.png',0,'2023-08-22',8,2),(53,'Stan Johnson','littel.darion@example.net','0771947780','teacher.png',0,NULL,44,2);
/*!40000 ALTER TABLE `teachers` ENABLE KEYS */;
UNLOCK TABLES;

--
-- Table structure for table `users`
--

DROP TABLE IF EXISTS `users`;
/*!40101 SET @saved_cs_client     = @@character_set_client */;
/*!50503 SET character_set_client = utf8mb4 */;
CREATE TABLE `users` (
  `id` int NOT NULL AUTO_INCREMENT,
  `name` varchar(100) NOT NULL,
  `email` varchar(80) NOT NULL,
  `password` varchar(255) NOT NULL,
  `role_id` int NOT NULL,
  PRIMARY KEY (`id`),
  KEY `fk_users_roles_idx` (`role_id`),
  CONSTRAINT `fk_users_roles` FOREIGN KEY (`role_id`) REFERENCES `roles` (`id`)
) ENGINE=InnoDB AUTO_INCREMENT=377 DEFAULT CHARSET=utf8mb4 COLLATE=utf8mb4_0900_ai_ci;
/*!40101 SET character_set_client = @saved_cs_client */;

--
-- Dumping data for table `users`
--

LOCK TABLES `users` WRITE;
/*!40000 ALTER TABLE `users` DISABLE KEYS */;
INSERT INTO `users` VALUES (1,'Tharindu Nimesh','tharindunimesh.abc@gmail.com','$2y$10$oOBEzBeUdrWqR5jBjJlwgOcAzR2ZRFehwPh5O7g2ryPH1NJyzbvGK',1),(7,'Electa Legros','faye62@example.org','$2y$10$92IXUNpkjO0rOQ5byMi.Ye4oKoEa3Ro9llC/.og/at2.uheWG/igi',5),(8,'Everett Effertz IV','cstroman@example.net','$2y$10$92IXUNpkjO0rOQ5byMi.Ye4oKoEa3Ro9llC/.og/at2.uheWG/igi',5),(9,'Miss Kendra Pacocha','lynch.sharon@example.org','$2y$10$92IXUNpkjO0rOQ5byMi.Ye4oKoEa3Ro9llC/.og/at2.uheWG/igi',5),(10,'Dr. Rae Langosh','tianna03@example.com','$2y$10$92IXUNpkjO0rOQ5byMi.Ye4oKoEa3Ro9llC/.og/at2.uheWG/igi',5),(11,'Ms. Alaina D\'Amore','wilfred63@example.com','$2y$10$92IXUNpkjO0rOQ5byMi.Ye4oKoEa3Ro9llC/.og/at2.uheWG/igi',5),(12,'Miss Andreane Kuvalis','vschumm@example.net','$2y$10$92IXUNpkjO0rOQ5byMi.Ye4oKoEa3Ro9llC/.og/at2.uheWG/igi',5),(13,'Tommie Mitchell','marina.herman@example.net','$2y$10$92IXUNpkjO0rOQ5byMi.Ye4oKoEa3Ro9llC/.og/at2.uheWG/igi',5),(14,'Keshaun Hackett III','alycia.ledner@example.org','$2y$10$92IXUNpkjO0rOQ5byMi.Ye4oKoEa3Ro9llC/.og/at2.uheWG/igi',5),(15,'Emilia Marquardt','tcarter@example.com','$2y$10$92IXUNpkjO0rOQ5byMi.Ye4oKoEa3Ro9llC/.og/at2.uheWG/igi',5),(16,'Lawrence Ernser','hilda.spinka@example.org','$2y$10$92IXUNpkjO0rOQ5byMi.Ye4oKoEa3Ro9llC/.og/at2.uheWG/igi',5),(17,'Murphy Renner MD','fkoss@example.net','$2y$10$92IXUNpkjO0rOQ5byMi.Ye4oKoEa3Ro9llC/.og/at2.uheWG/igi',5),(18,'Ursula Kemmer','aisha30@example.net','$2y$10$92IXUNpkjO0rOQ5byMi.Ye4oKoEa3Ro9llC/.og/at2.uheWG/igi',5),(19,'Prof. Marcel Sanford','kautzer.agustin@example.com','$2y$10$92IXUNpkjO0rOQ5byMi.Ye4oKoEa3Ro9llC/.og/at2.uheWG/igi',5),(20,'Janessa Erdman I','alexandre.heller@example.com','$2y$10$92IXUNpkjO0rOQ5byMi.Ye4oKoEa3Ro9llC/.og/at2.uheWG/igi',5),(21,'Gust Ziemann Jr.','kovacek.judy@example.com','$2y$10$92IXUNpkjO0rOQ5byMi.Ye4oKoEa3Ro9llC/.og/at2.uheWG/igi',5),(22,'Kellen Nader','bechtelar.charlene@example.com','$2y$10$92IXUNpkjO0rOQ5byMi.Ye4oKoEa3Ro9llC/.og/at2.uheWG/igi',5),(23,'Frederik Rowe','vbins@example.org','$2y$10$92IXUNpkjO0rOQ5byMi.Ye4oKoEa3Ro9llC/.og/at2.uheWG/igi',5),(24,'Prof. Retha Medhurst','tremblay.keith@example.org','$2y$10$92IXUNpkjO0rOQ5byMi.Ye4oKoEa3Ro9llC/.og/at2.uheWG/igi',5),(25,'Haylie Lynch','lsmitham@example.org','$2y$10$92IXUNpkjO0rOQ5byMi.Ye4oKoEa3Ro9llC/.og/at2.uheWG/igi',5),(26,'Ms. Berniece Boyle Sr.','michel.damore@example.net','$2y$10$92IXUNpkjO0rOQ5byMi.Ye4oKoEa3Ro9llC/.og/at2.uheWG/igi',5),(27,'Mrs. Victoria Bergstrom','erdman.tara@example.org','$2y$10$92IXUNpkjO0rOQ5byMi.Ye4oKoEa3Ro9llC/.og/at2.uheWG/igi',5),(28,'Dr. Chad Heidenreich','ima.fahey@example.net','$2y$10$92IXUNpkjO0rOQ5byMi.Ye4oKoEa3Ro9llC/.og/at2.uheWG/igi',5),(29,'Mr. Gillian Padberg','joaquin.powlowski@example.org','$2y$10$92IXUNpkjO0rOQ5byMi.Ye4oKoEa3Ro9llC/.og/at2.uheWG/igi',5),(30,'Joyce Zboncak','osmitham@example.net','$2y$10$92IXUNpkjO0rOQ5byMi.Ye4oKoEa3Ro9llC/.og/at2.uheWG/igi',5),(31,'Mckenzie Legros','kbrown@example.net','$2y$10$92IXUNpkjO0rOQ5byMi.Ye4oKoEa3Ro9llC/.og/at2.uheWG/igi',5),(32,'Vance Hermiston','kiehn.micaela@example.net','$2y$10$92IXUNpkjO0rOQ5byMi.Ye4oKoEa3Ro9llC/.og/at2.uheWG/igi',5),(33,'Neha Cruickshank','jacobs.kenya@example.org','$2y$10$92IXUNpkjO0rOQ5byMi.Ye4oKoEa3Ro9llC/.og/at2.uheWG/igi',5),(34,'Emilio Hagenes','johnson.laurianne@example.net','$2y$10$92IXUNpkjO0rOQ5byMi.Ye4oKoEa3Ro9llC/.og/at2.uheWG/igi',5),(35,'Myrtice Hayes','bayer.justice@example.net','$2y$10$92IXUNpkjO0rOQ5byMi.Ye4oKoEa3Ro9llC/.og/at2.uheWG/igi',5),(36,'Prof. Aditya Waters','wayne.schroeder@example.org','$2y$10$92IXUNpkjO0rOQ5byMi.Ye4oKoEa3Ro9llC/.og/at2.uheWG/igi',5),(37,'Zander Lakin','carlotta.hyatt@example.org','$2y$10$92IXUNpkjO0rOQ5byMi.Ye4oKoEa3Ro9llC/.og/at2.uheWG/igi',5),(38,'Prof. Vladimir Schaefer','favian.will@example.net','$2y$10$92IXUNpkjO0rOQ5byMi.Ye4oKoEa3Ro9llC/.og/at2.uheWG/igi',5),(39,'Dr. Edwin Treutel PhD','tess.connelly@example.com','$2y$10$92IXUNpkjO0rOQ5byMi.Ye4oKoEa3Ro9llC/.og/at2.uheWG/igi',5),(40,'Maximus Harvey MD','thowell@example.org','$2y$10$92IXUNpkjO0rOQ5byMi.Ye4oKoEa3Ro9llC/.og/at2.uheWG/igi',5),(41,'Adrien Lemke','donnelly.karelle@example.org','$2y$10$92IXUNpkjO0rOQ5byMi.Ye4oKoEa3Ro9llC/.og/at2.uheWG/igi',5),(42,'Kimberly Leannon','camylle.wehner@example.org','$2y$10$92IXUNpkjO0rOQ5byMi.Ye4oKoEa3Ro9llC/.og/at2.uheWG/igi',5),(43,'Laurie Stroman','dibbert.declan@example.net','$2y$10$92IXUNpkjO0rOQ5byMi.Ye4oKoEa3Ro9llC/.og/at2.uheWG/igi',5),(44,'Mrs. Cassandra Gulgowski','thartmann@example.com','$2y$10$92IXUNpkjO0rOQ5byMi.Ye4oKoEa3Ro9llC/.og/at2.uheWG/igi',5),(45,'Leonora Kling','rashawn44@example.net','$2y$10$92IXUNpkjO0rOQ5byMi.Ye4oKoEa3Ro9llC/.og/at2.uheWG/igi',5),(46,'Miss Marcella Dibbert','schmeler.shirley@example.net','$2y$10$92IXUNpkjO0rOQ5byMi.Ye4oKoEa3Ro9llC/.og/at2.uheWG/igi',5),(47,'Alden Reilly','queen.sauer@example.net','$2y$10$92IXUNpkjO0rOQ5byMi.Ye4oKoEa3Ro9llC/.og/at2.uheWG/igi',5),(48,'Javonte Predovic I','leannon.nia@example.com','$2y$10$92IXUNpkjO0rOQ5byMi.Ye4oKoEa3Ro9llC/.og/at2.uheWG/igi',5),(49,'Dr. Jerod Murazik','dominique23@example.net','$2y$10$92IXUNpkjO0rOQ5byMi.Ye4oKoEa3Ro9llC/.og/at2.uheWG/igi',5),(50,'Timothy Bashirian','madelyn.kub@example.net','$2y$10$92IXUNpkjO0rOQ5byMi.Ye4oKoEa3Ro9llC/.og/at2.uheWG/igi',5),(51,'Dr. Gunner Wintheiser','kaley.harvey@example.org','$2y$10$92IXUNpkjO0rOQ5byMi.Ye4oKoEa3Ro9llC/.og/at2.uheWG/igi',5),(52,'Mr. Quincy Graham I','mckenzie.beau@example.com','$2y$10$92IXUNpkjO0rOQ5byMi.Ye4oKoEa3Ro9llC/.og/at2.uheWG/igi',5),(53,'Jerrod Hilpert','tatyana.hessel@example.com','$2y$10$92IXUNpkjO0rOQ5byMi.Ye4oKoEa3Ro9llC/.og/at2.uheWG/igi',5),(54,'Prof. Ruthie Bergstrom','neva32@example.com','$2y$10$92IXUNpkjO0rOQ5byMi.Ye4oKoEa3Ro9llC/.og/at2.uheWG/igi',5),(55,'Philip Bosco','cgraham@example.com','$2y$10$92IXUNpkjO0rOQ5byMi.Ye4oKoEa3Ro9llC/.og/at2.uheWG/igi',5),(56,'Dayne Stokes','marcelo.goodwin@example.net','$2y$10$92IXUNpkjO0rOQ5byMi.Ye4oKoEa3Ro9llC/.og/at2.uheWG/igi',5),(57,'Sabina Klocko PhD','nicolas.pearlie@example.com','$2y$10$92IXUNpkjO0rOQ5byMi.Ye4oKoEa3Ro9llC/.og/at2.uheWG/igi',5),(58,'Miss Zola Crona','wuckert.marjolaine@example.net','$2y$10$92IXUNpkjO0rOQ5byMi.Ye4oKoEa3Ro9llC/.og/at2.uheWG/igi',5),(59,'Prof. Ollie Mertz MD','howe.wilmer@example.net','$2y$10$92IXUNpkjO0rOQ5byMi.Ye4oKoEa3Ro9llC/.og/at2.uheWG/igi',5),(60,'Donnie Kreiger','ttromp@example.com','$2y$10$92IXUNpkjO0rOQ5byMi.Ye4oKoEa3Ro9llC/.og/at2.uheWG/igi',5),(61,'Giles Hauck','kuphal.reina@example.net','$2y$10$92IXUNpkjO0rOQ5byMi.Ye4oKoEa3Ro9llC/.og/at2.uheWG/igi',5),(62,'Mr. Laverna Ankunding V','funk.gerhard@example.com','$2y$10$92IXUNpkjO0rOQ5byMi.Ye4oKoEa3Ro9llC/.og/at2.uheWG/igi',5),(63,'Helga Vandervort','chanelle39@example.org','$2y$10$92IXUNpkjO0rOQ5byMi.Ye4oKoEa3Ro9llC/.og/at2.uheWG/igi',5),(64,'Prof. Rene Weissnat','fernando.grady@example.com','$2y$10$92IXUNpkjO0rOQ5byMi.Ye4oKoEa3Ro9llC/.og/at2.uheWG/igi',5),(65,'Candace Lebsack','uhamill@example.org','$2y$10$92IXUNpkjO0rOQ5byMi.Ye4oKoEa3Ro9llC/.og/at2.uheWG/igi',5),(66,'Earnest Stokes','claud45@example.org','$2y$10$92IXUNpkjO0rOQ5byMi.Ye4oKoEa3Ro9llC/.og/at2.uheWG/igi',5),(67,'Eldridge Vandervort DDS','kuhlman.braden@example.org','$2y$10$92IXUNpkjO0rOQ5byMi.Ye4oKoEa3Ro9llC/.og/at2.uheWG/igi',5),(68,'Gaetano Schneider I','watsica.hallie@example.com','$2y$10$92IXUNpkjO0rOQ5byMi.Ye4oKoEa3Ro9llC/.og/at2.uheWG/igi',5),(69,'Elliot Wuckert I','dawson83@example.net','$2y$10$92IXUNpkjO0rOQ5byMi.Ye4oKoEa3Ro9llC/.og/at2.uheWG/igi',5),(70,'Kenneth Hammes','eleonore.hickle@example.com','$2y$10$92IXUNpkjO0rOQ5byMi.Ye4oKoEa3Ro9llC/.og/at2.uheWG/igi',5),(71,'Sasha Sporer','orlo.boehm@example.org','$2y$10$92IXUNpkjO0rOQ5byMi.Ye4oKoEa3Ro9llC/.og/at2.uheWG/igi',5),(72,'Elody Feeney','gillian52@example.com','$2y$10$92IXUNpkjO0rOQ5byMi.Ye4oKoEa3Ro9llC/.og/at2.uheWG/igi',5),(73,'Arlo Sporer','madonna53@example.net','$2y$10$92IXUNpkjO0rOQ5byMi.Ye4oKoEa3Ro9llC/.og/at2.uheWG/igi',5),(74,'Josianne Ruecker Jr.','marisa.weissnat@example.org','$2y$10$92IXUNpkjO0rOQ5byMi.Ye4oKoEa3Ro9llC/.og/at2.uheWG/igi',5),(75,'Hal Davis','moore.don@example.net','$2y$10$92IXUNpkjO0rOQ5byMi.Ye4oKoEa3Ro9llC/.og/at2.uheWG/igi',5),(76,'Athena Adams','morar.tiffany@example.org','$2y$10$92IXUNpkjO0rOQ5byMi.Ye4oKoEa3Ro9llC/.og/at2.uheWG/igi',5),(77,'Alexzander Koch','nbuckridge@example.net','$2y$10$92IXUNpkjO0rOQ5byMi.Ye4oKoEa3Ro9llC/.og/at2.uheWG/igi',5),(78,'Linda Welch','hayley.klocko@example.org','$2y$10$92IXUNpkjO0rOQ5byMi.Ye4oKoEa3Ro9llC/.og/at2.uheWG/igi',5),(79,'Ashly Bernier','kasey.cole@example.org','$2y$10$92IXUNpkjO0rOQ5byMi.Ye4oKoEa3Ro9llC/.og/at2.uheWG/igi',5),(80,'Daren Yundt','heaney.akeem@example.org','$2y$10$92IXUNpkjO0rOQ5byMi.Ye4oKoEa3Ro9llC/.og/at2.uheWG/igi',5),(81,'Mack Grady','willard62@example.org','$2y$10$92IXUNpkjO0rOQ5byMi.Ye4oKoEa3Ro9llC/.og/at2.uheWG/igi',5),(82,'Modesta Grimes MD','xmante@example.net','$2y$10$92IXUNpkjO0rOQ5byMi.Ye4oKoEa3Ro9llC/.og/at2.uheWG/igi',5),(83,'Terrence Bahringer','flatley.myrtle@example.net','$2y$10$92IXUNpkjO0rOQ5byMi.Ye4oKoEa3Ro9llC/.og/at2.uheWG/igi',5),(84,'Dr. Shanie Wisoky V','lewis75@example.net','$2y$10$92IXUNpkjO0rOQ5byMi.Ye4oKoEa3Ro9llC/.og/at2.uheWG/igi',5),(85,'Johann Considine','grayce11@example.org','$2y$10$92IXUNpkjO0rOQ5byMi.Ye4oKoEa3Ro9llC/.og/at2.uheWG/igi',5),(86,'Prof. Deshawn Zboncak I','sdavis@example.com','$2y$10$92IXUNpkjO0rOQ5byMi.Ye4oKoEa3Ro9llC/.og/at2.uheWG/igi',5),(87,'Verla Mills','llittel@example.com','$2y$10$92IXUNpkjO0rOQ5byMi.Ye4oKoEa3Ro9llC/.og/at2.uheWG/igi',5),(88,'Shaina Wunsch','yundt.wade@example.net','$2y$10$92IXUNpkjO0rOQ5byMi.Ye4oKoEa3Ro9llC/.og/at2.uheWG/igi',5),(89,'Gunner Morissette','fritsch.randal@example.org','$2y$10$92IXUNpkjO0rOQ5byMi.Ye4oKoEa3Ro9llC/.og/at2.uheWG/igi',5),(90,'Melany Bartoletti','zohara@example.net','$2y$10$92IXUNpkjO0rOQ5byMi.Ye4oKoEa3Ro9llC/.og/at2.uheWG/igi',5),(91,'Mr. Lance Spinka','cbailey@example.net','$2y$10$92IXUNpkjO0rOQ5byMi.Ye4oKoEa3Ro9llC/.og/at2.uheWG/igi',5),(92,'Helena Davis','michele47@example.com','$2y$10$92IXUNpkjO0rOQ5byMi.Ye4oKoEa3Ro9llC/.og/at2.uheWG/igi',5),(93,'Dr. Myrtie Oberbrunner I','florence.ullrich@example.com','$2y$10$92IXUNpkjO0rOQ5byMi.Ye4oKoEa3Ro9llC/.og/at2.uheWG/igi',5),(94,'Prof. Zora Hermann','pearlie.harris@example.com','$2y$10$92IXUNpkjO0rOQ5byMi.Ye4oKoEa3Ro9llC/.og/at2.uheWG/igi',5),(95,'Ethyl Beier','mcglynn.jaida@example.com','$2y$10$92IXUNpkjO0rOQ5byMi.Ye4oKoEa3Ro9llC/.og/at2.uheWG/igi',5),(96,'Amari Deckow','miles.barton@example.org','$2y$10$92IXUNpkjO0rOQ5byMi.Ye4oKoEa3Ro9llC/.og/at2.uheWG/igi',5),(97,'Ms. Julianne Rempel II','pansy87@example.net','$2y$10$92IXUNpkjO0rOQ5byMi.Ye4oKoEa3Ro9llC/.og/at2.uheWG/igi',5),(98,'Lucile Auer','slynch@example.org','$2y$10$92IXUNpkjO0rOQ5byMi.Ye4oKoEa3Ro9llC/.og/at2.uheWG/igi',5),(99,'Brenna Heller','becker.jade@example.net','$2y$10$92IXUNpkjO0rOQ5byMi.Ye4oKoEa3Ro9llC/.og/at2.uheWG/igi',5),(100,'Ford Shields','dina43@example.net','$2y$10$92IXUNpkjO0rOQ5byMi.Ye4oKoEa3Ro9llC/.og/at2.uheWG/igi',5),(101,'Rhiannon Stoltenberg','orland28@example.org','$2y$10$92IXUNpkjO0rOQ5byMi.Ye4oKoEa3Ro9llC/.og/at2.uheWG/igi',5),(102,'Bridget Dickinson','dianna26@example.com','$2y$10$92IXUNpkjO0rOQ5byMi.Ye4oKoEa3Ro9llC/.og/at2.uheWG/igi',5),(103,'Miss Connie Boyle II','smitham.bethel@example.com','$2y$10$92IXUNpkjO0rOQ5byMi.Ye4oKoEa3Ro9llC/.og/at2.uheWG/igi',5),(104,'Mr. Tavares West PhD','king.emmy@example.com','$2y$10$92IXUNpkjO0rOQ5byMi.Ye4oKoEa3Ro9llC/.og/at2.uheWG/igi',5),(105,'Morgan Becker','ymayer@example.com','$2y$10$92IXUNpkjO0rOQ5byMi.Ye4oKoEa3Ro9llC/.og/at2.uheWG/igi',5),(106,'Amani Hammes V','dallas.moen@example.org','$2y$10$92IXUNpkjO0rOQ5byMi.Ye4oKoEa3Ro9llC/.og/at2.uheWG/igi',5),(107,'Andreane Dicki','markus.dicki@example.org','$2y$10$92IXUNpkjO0rOQ5byMi.Ye4oKoEa3Ro9llC/.og/at2.uheWG/igi',5),(108,'Minerva Orn','abdiel65@example.com','$2y$10$92IXUNpkjO0rOQ5byMi.Ye4oKoEa3Ro9llC/.og/at2.uheWG/igi',5),(109,'Pearline Raynor','zora.wuckert@example.net','$2y$10$92IXUNpkjO0rOQ5byMi.Ye4oKoEa3Ro9llC/.og/at2.uheWG/igi',5),(110,'Savanah Daniel','hconroy@example.org','$2y$10$92IXUNpkjO0rOQ5byMi.Ye4oKoEa3Ro9llC/.og/at2.uheWG/igi',5),(111,'Prof. Maxie Howell','marquise15@example.net','$2y$10$92IXUNpkjO0rOQ5byMi.Ye4oKoEa3Ro9llC/.og/at2.uheWG/igi',5),(112,'Dr. Bo Green','reilly.oliver@example.net','$2y$10$92IXUNpkjO0rOQ5byMi.Ye4oKoEa3Ro9llC/.og/at2.uheWG/igi',5),(113,'Adonis Durgan','laney01@example.net','$2y$10$92IXUNpkjO0rOQ5byMi.Ye4oKoEa3Ro9llC/.og/at2.uheWG/igi',5),(114,'Curtis Hermann','rodriguez.athena@example.net','$2y$10$92IXUNpkjO0rOQ5byMi.Ye4oKoEa3Ro9llC/.og/at2.uheWG/igi',5),(115,'Ansel Gerhold','quigley.cora@example.net','$2y$10$92IXUNpkjO0rOQ5byMi.Ye4oKoEa3Ro9llC/.og/at2.uheWG/igi',5),(116,'Prof. Arnoldo Simonis IV','glind@example.net','$2y$10$92IXUNpkjO0rOQ5byMi.Ye4oKoEa3Ro9llC/.og/at2.uheWG/igi',5),(117,'Bradford Powlowski','jade21@example.com','$2y$10$92IXUNpkjO0rOQ5byMi.Ye4oKoEa3Ro9llC/.og/at2.uheWG/igi',5),(118,'Ambrose Watsica','jared.feest@example.net','$2y$10$92IXUNpkjO0rOQ5byMi.Ye4oKoEa3Ro9llC/.og/at2.uheWG/igi',5),(119,'Mr. Foster Hills DDS','rowena34@example.net','$2y$10$92IXUNpkjO0rOQ5byMi.Ye4oKoEa3Ro9llC/.og/at2.uheWG/igi',5),(120,'Brenden Walsh','barry.davis@example.net','$2y$10$92IXUNpkjO0rOQ5byMi.Ye4oKoEa3Ro9llC/.og/at2.uheWG/igi',5),(121,'Mr. Llewellyn Renner','iheaney@example.org','$2y$10$92IXUNpkjO0rOQ5byMi.Ye4oKoEa3Ro9llC/.og/at2.uheWG/igi',5),(122,'Sydney Kiehn V','iwilkinson@example.org','$2y$10$92IXUNpkjO0rOQ5byMi.Ye4oKoEa3Ro9llC/.og/at2.uheWG/igi',5),(123,'Ryley Skiles II','kayli.williamson@example.org','$2y$10$92IXUNpkjO0rOQ5byMi.Ye4oKoEa3Ro9llC/.og/at2.uheWG/igi',5),(124,'Uriel Heller','furman42@example.net','$2y$10$92IXUNpkjO0rOQ5byMi.Ye4oKoEa3Ro9llC/.og/at2.uheWG/igi',5),(125,'Giuseppe Gleason','hansen.catherine@example.com','$2y$10$92IXUNpkjO0rOQ5byMi.Ye4oKoEa3Ro9llC/.og/at2.uheWG/igi',5),(126,'Cruz Haag','mackenzie99@example.net','$2y$10$92IXUNpkjO0rOQ5byMi.Ye4oKoEa3Ro9llC/.og/at2.uheWG/igi',5),(127,'Frieda Daugherty','manley03@example.org','$2y$10$92IXUNpkjO0rOQ5byMi.Ye4oKoEa3Ro9llC/.og/at2.uheWG/igi',5),(128,'Donato Conroy','jeramy33@example.com','$2y$10$92IXUNpkjO0rOQ5byMi.Ye4oKoEa3Ro9llC/.og/at2.uheWG/igi',5),(129,'Ben Towne','tlowe@example.com','$2y$10$92IXUNpkjO0rOQ5byMi.Ye4oKoEa3Ro9llC/.og/at2.uheWG/igi',5),(130,'Yadira Kozey MD','upton.mae@example.org','$2y$10$92IXUNpkjO0rOQ5byMi.Ye4oKoEa3Ro9llC/.og/at2.uheWG/igi',5),(131,'Brandyn Jenkins','paxton.kohler@example.com','$2y$10$92IXUNpkjO0rOQ5byMi.Ye4oKoEa3Ro9llC/.og/at2.uheWG/igi',5),(132,'Noemi Sporer','leif50@example.org','$2y$10$92IXUNpkjO0rOQ5byMi.Ye4oKoEa3Ro9llC/.og/at2.uheWG/igi',5),(133,'Noe Kuhic','isabel83@example.org','$2y$10$92IXUNpkjO0rOQ5byMi.Ye4oKoEa3Ro9llC/.og/at2.uheWG/igi',5),(134,'Lily Mayer','ramon.morar@example.com','$2y$10$92IXUNpkjO0rOQ5byMi.Ye4oKoEa3Ro9llC/.og/at2.uheWG/igi',5),(135,'Dr. Celine Heaney','brittany61@example.org','$2y$10$92IXUNpkjO0rOQ5byMi.Ye4oKoEa3Ro9llC/.og/at2.uheWG/igi',5),(136,'Freddy Okuneva','angeline.paucek@example.com','$2y$10$92IXUNpkjO0rOQ5byMi.Ye4oKoEa3Ro9llC/.og/at2.uheWG/igi',5),(137,'Lavada Watsica III','orrin88@example.org','$2y$10$92IXUNpkjO0rOQ5byMi.Ye4oKoEa3Ro9llC/.og/at2.uheWG/igi',5),(138,'Roxanne Von','muriel88@example.com','$2y$10$92IXUNpkjO0rOQ5byMi.Ye4oKoEa3Ro9llC/.og/at2.uheWG/igi',5),(139,'Landen Schultz','nina13@example.net','$2y$10$92IXUNpkjO0rOQ5byMi.Ye4oKoEa3Ro9llC/.og/at2.uheWG/igi',5),(140,'Prof. Keaton Rodriguez II','iernser@example.net','$2y$10$92IXUNpkjO0rOQ5byMi.Ye4oKoEa3Ro9llC/.og/at2.uheWG/igi',5),(141,'Adrien Gerhold DVM','louie.pfeffer@example.net','$2y$10$92IXUNpkjO0rOQ5byMi.Ye4oKoEa3Ro9llC/.og/at2.uheWG/igi',5),(142,'Jean Altenwerth V','efeest@example.net','$2y$10$92IXUNpkjO0rOQ5byMi.Ye4oKoEa3Ro9llC/.og/at2.uheWG/igi',5),(143,'Nico Huels','pete96@example.net','$2y$10$92IXUNpkjO0rOQ5byMi.Ye4oKoEa3Ro9llC/.og/at2.uheWG/igi',5),(144,'Prof. Coleman Lind II','gmccullough@example.org','$2y$10$92IXUNpkjO0rOQ5byMi.Ye4oKoEa3Ro9llC/.og/at2.uheWG/igi',5),(145,'Brandy Cassin','klocko.destany@example.net','$2y$10$92IXUNpkjO0rOQ5byMi.Ye4oKoEa3Ro9llC/.og/at2.uheWG/igi',5),(146,'Bernadine Corkery','dabernathy@example.org','$2y$10$92IXUNpkjO0rOQ5byMi.Ye4oKoEa3Ro9llC/.og/at2.uheWG/igi',5),(147,'Mr. Sheridan O\'Kon','domingo41@example.org','$2y$10$92IXUNpkjO0rOQ5byMi.Ye4oKoEa3Ro9llC/.og/at2.uheWG/igi',5),(148,'Mayra Anderson','allison06@example.com','$2y$10$92IXUNpkjO0rOQ5byMi.Ye4oKoEa3Ro9llC/.og/at2.uheWG/igi',5),(149,'Dr. Mose Konopelski III','dicki.elyssa@example.org','$2y$10$92IXUNpkjO0rOQ5byMi.Ye4oKoEa3Ro9llC/.og/at2.uheWG/igi',5),(150,'Garnet Will','eulah.farrell@example.net','$2y$10$92IXUNpkjO0rOQ5byMi.Ye4oKoEa3Ro9llC/.og/at2.uheWG/igi',5),(151,'Dr. Damian Greenfelder Sr.','elza.quigley@example.com','$2y$10$92IXUNpkjO0rOQ5byMi.Ye4oKoEa3Ro9llC/.og/at2.uheWG/igi',5),(152,'Mrs. Allie Sipes','millie.kihn@example.net','$2y$10$92IXUNpkjO0rOQ5byMi.Ye4oKoEa3Ro9llC/.og/at2.uheWG/igi',5),(153,'Ms. Otilia Ruecker Sr.','raegan45@example.org','$2y$10$92IXUNpkjO0rOQ5byMi.Ye4oKoEa3Ro9llC/.og/at2.uheWG/igi',5),(154,'Dr. Saige Murray','tiara10@example.com','$2y$10$92IXUNpkjO0rOQ5byMi.Ye4oKoEa3Ro9llC/.og/at2.uheWG/igi',5),(155,'Rupert Grimes','jewell.rippin@example.org','$2y$10$92IXUNpkjO0rOQ5byMi.Ye4oKoEa3Ro9llC/.og/at2.uheWG/igi',5),(156,'Dr. Sterling Parker','kraig.rowe@example.com','$2y$10$92IXUNpkjO0rOQ5byMi.Ye4oKoEa3Ro9llC/.og/at2.uheWG/igi',5),(157,'Hilda Howe','renner.briana@example.org','$2y$10$92IXUNpkjO0rOQ5byMi.Ye4oKoEa3Ro9llC/.og/at2.uheWG/igi',5),(158,'Eladio Abbott DVM','jarred29@example.net','$2y$10$92IXUNpkjO0rOQ5byMi.Ye4oKoEa3Ro9llC/.og/at2.uheWG/igi',5),(159,'Hailey Schiller','collier.julian@example.org','$2y$10$92IXUNpkjO0rOQ5byMi.Ye4oKoEa3Ro9llC/.og/at2.uheWG/igi',5),(160,'Rudolph Ferry','nadia.connelly@example.net','$2y$10$92IXUNpkjO0rOQ5byMi.Ye4oKoEa3Ro9llC/.og/at2.uheWG/igi',5),(161,'Prof. Leopold Hauck Jr.','fritsch.moises@example.com','$2y$10$92IXUNpkjO0rOQ5byMi.Ye4oKoEa3Ro9llC/.og/at2.uheWG/igi',5),(162,'Mr. Isadore Pagac MD','ybechtelar@example.com','$2y$10$92IXUNpkjO0rOQ5byMi.Ye4oKoEa3Ro9llC/.og/at2.uheWG/igi',5),(163,'Rocky Wintheiser','carter.william@example.org','$2y$10$92IXUNpkjO0rOQ5byMi.Ye4oKoEa3Ro9llC/.og/at2.uheWG/igi',5),(164,'Michel Harvey','loyce.moore@example.net','$2y$10$92IXUNpkjO0rOQ5byMi.Ye4oKoEa3Ro9llC/.og/at2.uheWG/igi',5),(165,'Isadore Feest','koch.kyler@example.org','$2y$10$92IXUNpkjO0rOQ5byMi.Ye4oKoEa3Ro9llC/.og/at2.uheWG/igi',5),(166,'Ona Toy','eliza.cassin@example.org','$2y$10$92IXUNpkjO0rOQ5byMi.Ye4oKoEa3Ro9llC/.og/at2.uheWG/igi',5),(167,'Wilfrid Wiza','brielle.mante@example.org','$2y$10$92IXUNpkjO0rOQ5byMi.Ye4oKoEa3Ro9llC/.og/at2.uheWG/igi',5),(168,'Aditya Weber','kozey.eunice@example.net','$2y$10$92IXUNpkjO0rOQ5byMi.Ye4oKoEa3Ro9llC/.og/at2.uheWG/igi',5),(169,'Myra Cole','loma79@example.org','$2y$10$92IXUNpkjO0rOQ5byMi.Ye4oKoEa3Ro9llC/.og/at2.uheWG/igi',5),(170,'Zachary Schneider DVM','lang.shayna@example.net','$2y$10$92IXUNpkjO0rOQ5byMi.Ye4oKoEa3Ro9llC/.og/at2.uheWG/igi',5),(171,'Mr. Jedediah Beatty','kadin01@example.org','$2y$10$92IXUNpkjO0rOQ5byMi.Ye4oKoEa3Ro9llC/.og/at2.uheWG/igi',5),(172,'Dr. Alexzander Robel','gottlieb.luis@example.org','$2y$10$92IXUNpkjO0rOQ5byMi.Ye4oKoEa3Ro9llC/.og/at2.uheWG/igi',5),(173,'Mr. Peyton Quitzon II','patrick73@example.net','$2y$10$92IXUNpkjO0rOQ5byMi.Ye4oKoEa3Ro9llC/.og/at2.uheWG/igi',5),(174,'Mrs. Matilde Cremin IV','lilly30@example.com','$2y$10$92IXUNpkjO0rOQ5byMi.Ye4oKoEa3Ro9llC/.og/at2.uheWG/igi',5),(175,'Giovanni Douglas','qschoen@example.net','$2y$10$92IXUNpkjO0rOQ5byMi.Ye4oKoEa3Ro9llC/.og/at2.uheWG/igi',5),(176,'Eunice Ernser','dusty61@example.net','$2y$10$92IXUNpkjO0rOQ5byMi.Ye4oKoEa3Ro9llC/.og/at2.uheWG/igi',5),(177,'Greyson Kling','becker.ines@example.net','$2y$10$92IXUNpkjO0rOQ5byMi.Ye4oKoEa3Ro9llC/.og/at2.uheWG/igi',5),(178,'Vena Howell','napoleon.ratke@example.com','$2y$10$92IXUNpkjO0rOQ5byMi.Ye4oKoEa3Ro9llC/.og/at2.uheWG/igi',5),(179,'Omari Hoppe','florence.lueilwitz@example.net','$2y$10$92IXUNpkjO0rOQ5byMi.Ye4oKoEa3Ro9llC/.og/at2.uheWG/igi',5),(180,'Prof. Sigurd Bayer','kaylee.schowalter@example.com','$2y$10$92IXUNpkjO0rOQ5byMi.Ye4oKoEa3Ro9llC/.og/at2.uheWG/igi',5),(181,'Terrill Cormier','genevieve.wiza@example.net','$2y$10$92IXUNpkjO0rOQ5byMi.Ye4oKoEa3Ro9llC/.og/at2.uheWG/igi',5),(182,'Lilly Medhurst','kimberly.carroll@example.com','$2y$10$92IXUNpkjO0rOQ5byMi.Ye4oKoEa3Ro9llC/.og/at2.uheWG/igi',5),(183,'Francesca Kassulke','maryjane40@example.com','$2y$10$92IXUNpkjO0rOQ5byMi.Ye4oKoEa3Ro9llC/.og/at2.uheWG/igi',5),(184,'Clarabelle Morissette','terrance87@example.com','$2y$10$92IXUNpkjO0rOQ5byMi.Ye4oKoEa3Ro9llC/.og/at2.uheWG/igi',5),(185,'Kitty Nolan Sr.','rice.alexandria@example.com','$2y$10$92IXUNpkjO0rOQ5byMi.Ye4oKoEa3Ro9llC/.og/at2.uheWG/igi',5),(186,'Mr. Arnulfo Runte','freichert@example.com','$2y$10$92IXUNpkjO0rOQ5byMi.Ye4oKoEa3Ro9llC/.og/at2.uheWG/igi',5),(187,'Emilia Johnson','harvey.margarita@example.net','$2y$10$92IXUNpkjO0rOQ5byMi.Ye4oKoEa3Ro9llC/.og/at2.uheWG/igi',5),(188,'Jaime Bernier II','xklein@example.com','$2y$10$92IXUNpkjO0rOQ5byMi.Ye4oKoEa3Ro9llC/.og/at2.uheWG/igi',5),(189,'Dr. Julie Johnston Jr.','hazle.fay@example.org','$2y$10$92IXUNpkjO0rOQ5byMi.Ye4oKoEa3Ro9llC/.og/at2.uheWG/igi',5),(190,'Keshaun Powlowski','geraldine.goldner@example.org','$2y$10$92IXUNpkjO0rOQ5byMi.Ye4oKoEa3Ro9llC/.og/at2.uheWG/igi',5),(191,'Mr. Kayleigh Hagenes V','jacynthe.olson@example.net','$2y$10$92IXUNpkjO0rOQ5byMi.Ye4oKoEa3Ro9llC/.og/at2.uheWG/igi',5),(192,'Dr. Olin Wintheiser','hintz.hayden@example.org','$2y$10$92IXUNpkjO0rOQ5byMi.Ye4oKoEa3Ro9llC/.og/at2.uheWG/igi',5),(193,'Mr. Mekhi Stroman MD','valentine.rippin@example.net','$2y$10$92IXUNpkjO0rOQ5byMi.Ye4oKoEa3Ro9llC/.og/at2.uheWG/igi',5),(194,'Jessyca Eichmann','bernadine26@example.org','$2y$10$92IXUNpkjO0rOQ5byMi.Ye4oKoEa3Ro9llC/.og/at2.uheWG/igi',5),(195,'King Runte','fabiola42@example.net','$2y$10$92IXUNpkjO0rOQ5byMi.Ye4oKoEa3Ro9llC/.og/at2.uheWG/igi',5),(196,'Dr. Cedrick Ratke','jpredovic@example.org','$2y$10$92IXUNpkjO0rOQ5byMi.Ye4oKoEa3Ro9llC/.og/at2.uheWG/igi',5),(197,'Otilia Grimes','margaret.steuber@example.org','$2y$10$92IXUNpkjO0rOQ5byMi.Ye4oKoEa3Ro9llC/.og/at2.uheWG/igi',5),(198,'Dr. Maxine Krajcik','hodkiewicz.bert@example.net','$2y$10$92IXUNpkjO0rOQ5byMi.Ye4oKoEa3Ro9llC/.og/at2.uheWG/igi',5),(199,'Lila Homenick','cauer@example.net','$2y$10$92IXUNpkjO0rOQ5byMi.Ye4oKoEa3Ro9llC/.og/at2.uheWG/igi',5),(200,'Lisa Lesch','watsica.raphael@example.net','$2y$10$92IXUNpkjO0rOQ5byMi.Ye4oKoEa3Ro9llC/.og/at2.uheWG/igi',5),(201,'Lexi Kessler','judy51@example.org','$2y$10$92IXUNpkjO0rOQ5byMi.Ye4oKoEa3Ro9llC/.og/at2.uheWG/igi',5),(202,'Lucas Goldner Jr.','connelly.betsy@example.com','$2y$10$92IXUNpkjO0rOQ5byMi.Ye4oKoEa3Ro9llC/.og/at2.uheWG/igi',5),(203,'Prof. Alfred Collier MD','arvel.hoeger@example.net','$2y$10$92IXUNpkjO0rOQ5byMi.Ye4oKoEa3Ro9llC/.og/at2.uheWG/igi',5),(204,'Brown Weber','armstrong.amanda@example.org','$2y$10$92IXUNpkjO0rOQ5byMi.Ye4oKoEa3Ro9llC/.og/at2.uheWG/igi',5),(205,'Mr. Billy Gleichner V','taya06@example.net','$2y$10$92IXUNpkjO0rOQ5byMi.Ye4oKoEa3Ro9llC/.og/at2.uheWG/igi',5),(206,'Ruthe Dietrich','jorge50@example.org','$2y$10$92IXUNpkjO0rOQ5byMi.Ye4oKoEa3Ro9llC/.og/at2.uheWG/igi',5),(207,'Amie Dickinson','antonietta34@example.com','$2y$10$92IXUNpkjO0rOQ5byMi.Ye4oKoEa3Ro9llC/.og/at2.uheWG/igi',5),(208,'Marisa Balistreri Jr.','cartwright.whitney@example.org','$2y$10$92IXUNpkjO0rOQ5byMi.Ye4oKoEa3Ro9llC/.og/at2.uheWG/igi',5),(209,'Keshawn Rolfson','reinger.tyra@example.org','$2y$10$92IXUNpkjO0rOQ5byMi.Ye4oKoEa3Ro9llC/.og/at2.uheWG/igi',5),(210,'Horace Toy DDS','naomie.luettgen@example.com','$2y$10$92IXUNpkjO0rOQ5byMi.Ye4oKoEa3Ro9llC/.og/at2.uheWG/igi',5),(211,'Sage Doyle DDS','casper.jerde@example.org','$2y$10$92IXUNpkjO0rOQ5byMi.Ye4oKoEa3Ro9llC/.og/at2.uheWG/igi',5),(212,'Breana Koch IV','macey55@example.com','$2y$10$92IXUNpkjO0rOQ5byMi.Ye4oKoEa3Ro9llC/.og/at2.uheWG/igi',5),(213,'Santos Flatley','ozella60@example.net','$2y$10$92IXUNpkjO0rOQ5byMi.Ye4oKoEa3Ro9llC/.og/at2.uheWG/igi',5),(214,'Esteban Streich','dewayne.thiel@example.net','$2y$10$92IXUNpkjO0rOQ5byMi.Ye4oKoEa3Ro9llC/.og/at2.uheWG/igi',5),(215,'Ernest Sanford MD','nayeli27@example.com','$2y$10$92IXUNpkjO0rOQ5byMi.Ye4oKoEa3Ro9llC/.og/at2.uheWG/igi',5),(216,'Hans Weber','qreichert@example.com','$2y$10$92IXUNpkjO0rOQ5byMi.Ye4oKoEa3Ro9llC/.og/at2.uheWG/igi',5),(217,'Trevion Green','bkeeling@example.net','$2y$10$92IXUNpkjO0rOQ5byMi.Ye4oKoEa3Ro9llC/.og/at2.uheWG/igi',5),(218,'Alford Mraz','espinka@example.org','$2y$10$92IXUNpkjO0rOQ5byMi.Ye4oKoEa3Ro9llC/.og/at2.uheWG/igi',5),(219,'Albert Hammes IV','ilehner@example.org','$2y$10$92IXUNpkjO0rOQ5byMi.Ye4oKoEa3Ro9llC/.og/at2.uheWG/igi',5),(220,'Rodger Wilderman','king.abel@example.com','$2y$10$92IXUNpkjO0rOQ5byMi.Ye4oKoEa3Ro9llC/.og/at2.uheWG/igi',5),(221,'Katrina Bernhard V','remard@example.com','$2y$10$92IXUNpkjO0rOQ5byMi.Ye4oKoEa3Ro9llC/.og/at2.uheWG/igi',5),(222,'Andreane Towne','dylan.runolfsdottir@example.org','$2y$10$92IXUNpkjO0rOQ5byMi.Ye4oKoEa3Ro9llC/.og/at2.uheWG/igi',5),(223,'Electa Grant DDS','stephanie49@example.org','$2y$10$92IXUNpkjO0rOQ5byMi.Ye4oKoEa3Ro9llC/.og/at2.uheWG/igi',5),(224,'Paul O\'Keefe','cleo.nitzsche@example.com','$2y$10$92IXUNpkjO0rOQ5byMi.Ye4oKoEa3Ro9llC/.og/at2.uheWG/igi',5),(225,'Gerardo Fahey','kreilly@example.org','$2y$10$92IXUNpkjO0rOQ5byMi.Ye4oKoEa3Ro9llC/.og/at2.uheWG/igi',5),(226,'Shanel Hirthe','vlindgren@example.com','$2y$10$92IXUNpkjO0rOQ5byMi.Ye4oKoEa3Ro9llC/.og/at2.uheWG/igi',5),(227,'Florence Jerde V','tevin.trantow@example.org','$2y$10$92IXUNpkjO0rOQ5byMi.Ye4oKoEa3Ro9llC/.og/at2.uheWG/igi',5),(228,'Dr. Reymundo Hill PhD','schoen.leonard@example.com','$2y$10$92IXUNpkjO0rOQ5byMi.Ye4oKoEa3Ro9llC/.og/at2.uheWG/igi',5),(229,'Ms. Rachel Leannon MD','schimmel.layne@example.com','$2y$10$92IXUNpkjO0rOQ5byMi.Ye4oKoEa3Ro9llC/.og/at2.uheWG/igi',5),(230,'Blake Wolff','koch.judy@example.com','$2y$10$92IXUNpkjO0rOQ5byMi.Ye4oKoEa3Ro9llC/.og/at2.uheWG/igi',5),(231,'Prof. Jaylon Runolfsson','kasey.bailey@example.org','$2y$10$92IXUNpkjO0rOQ5byMi.Ye4oKoEa3Ro9llC/.og/at2.uheWG/igi',5),(232,'Dr. Rhett Purdy PhD','vandervort.jaquan@example.net','$2y$10$92IXUNpkjO0rOQ5byMi.Ye4oKoEa3Ro9llC/.og/at2.uheWG/igi',5),(233,'Dora Lesch III','nikolaus.austin@example.com','$2y$10$92IXUNpkjO0rOQ5byMi.Ye4oKoEa3Ro9llC/.og/at2.uheWG/igi',5),(234,'Okey Baumbach','kale60@example.com','$2y$10$92IXUNpkjO0rOQ5byMi.Ye4oKoEa3Ro9llC/.og/at2.uheWG/igi',5),(235,'Joy Runte','roy83@example.net','$2y$10$92IXUNpkjO0rOQ5byMi.Ye4oKoEa3Ro9llC/.og/at2.uheWG/igi',5),(236,'Meda Veum','ted.buckridge@example.org','$2y$10$92IXUNpkjO0rOQ5byMi.Ye4oKoEa3Ro9llC/.og/at2.uheWG/igi',5),(237,'Elmira Rodriguez','veum.orrin@example.com','$2y$10$92IXUNpkjO0rOQ5byMi.Ye4oKoEa3Ro9llC/.og/at2.uheWG/igi',5),(238,'Clay Emmerich','durgan.annette@example.com','$2y$10$92IXUNpkjO0rOQ5byMi.Ye4oKoEa3Ro9llC/.og/at2.uheWG/igi',5),(239,'Royce Bergnaum','nicolas.douglas@example.net','$2y$10$92IXUNpkjO0rOQ5byMi.Ye4oKoEa3Ro9llC/.og/at2.uheWG/igi',5),(240,'Dr. Maximilian Shields','gleffler@example.com','$2y$10$92IXUNpkjO0rOQ5byMi.Ye4oKoEa3Ro9llC/.og/at2.uheWG/igi',5),(241,'Valentina Bechtelar','selena.becker@example.com','$2y$10$92IXUNpkjO0rOQ5byMi.Ye4oKoEa3Ro9llC/.og/at2.uheWG/igi',5),(242,'Taurean Veum','virginie61@example.org','$2y$10$92IXUNpkjO0rOQ5byMi.Ye4oKoEa3Ro9llC/.og/at2.uheWG/igi',5),(243,'Jordi Abernathy','jennie.heidenreich@example.org','$2y$10$92IXUNpkjO0rOQ5byMi.Ye4oKoEa3Ro9llC/.og/at2.uheWG/igi',5),(244,'Eldora Emmerich','chadrick83@example.net','$2y$10$92IXUNpkjO0rOQ5byMi.Ye4oKoEa3Ro9llC/.og/at2.uheWG/igi',5),(245,'Easton Bogisich','deckow.delmer@example.com','$2y$10$92IXUNpkjO0rOQ5byMi.Ye4oKoEa3Ro9llC/.og/at2.uheWG/igi',5),(246,'Dr. Keven McGlynn','cassin.sabryna@example.org','$2y$10$92IXUNpkjO0rOQ5byMi.Ye4oKoEa3Ro9llC/.og/at2.uheWG/igi',5),(247,'Brendan Douglas','njaskolski@example.com','$2y$10$92IXUNpkjO0rOQ5byMi.Ye4oKoEa3Ro9llC/.og/at2.uheWG/igi',5),(248,'Wava Robel','bergstrom.dulce@example.com','$2y$10$92IXUNpkjO0rOQ5byMi.Ye4oKoEa3Ro9llC/.og/at2.uheWG/igi',5),(249,'Mr. Evert Goldner','aniyah.pacocha@example.org','$2y$10$92IXUNpkjO0rOQ5byMi.Ye4oKoEa3Ro9llC/.og/at2.uheWG/igi',5),(250,'Pasquale Crona I','zoila.wunsch@example.org','$2y$10$92IXUNpkjO0rOQ5byMi.Ye4oKoEa3Ro9llC/.og/at2.uheWG/igi',5),(251,'Dr. Dusty Schaden','schoen.leslie@example.net','$2y$10$92IXUNpkjO0rOQ5byMi.Ye4oKoEa3Ro9llC/.og/at2.uheWG/igi',5),(252,'Freda Greenholt','ptreutel@example.net','$2y$10$92IXUNpkjO0rOQ5byMi.Ye4oKoEa3Ro9llC/.og/at2.uheWG/igi',5),(253,'Guillermo Barrows','lemke.mabelle@example.com','$2y$10$92IXUNpkjO0rOQ5byMi.Ye4oKoEa3Ro9llC/.og/at2.uheWG/igi',5),(254,'Kaley Marvin','bernhard.marcelina@example.org','$2y$10$92IXUNpkjO0rOQ5byMi.Ye4oKoEa3Ro9llC/.og/at2.uheWG/igi',5),(255,'Ivory Jaskolski','legros.sarai@example.net','$2y$10$92IXUNpkjO0rOQ5byMi.Ye4oKoEa3Ro9llC/.og/at2.uheWG/igi',5),(256,'Dr. Hubert Brekke DDS','brando81@example.org','$2y$10$92IXUNpkjO0rOQ5byMi.Ye4oKoEa3Ro9llC/.og/at2.uheWG/igi',5),(257,'Euna Murphy','kautzer.willow@example.org','$2y$10$92IXUNpkjO0rOQ5byMi.Ye4oKoEa3Ro9llC/.og/at2.uheWG/igi',5),(258,'Gabriella Schroeder','ufriesen@example.com','$2y$10$92IXUNpkjO0rOQ5byMi.Ye4oKoEa3Ro9llC/.og/at2.uheWG/igi',5),(259,'Ms. Mertie West','myrtie.abernathy@example.org','$2y$10$92IXUNpkjO0rOQ5byMi.Ye4oKoEa3Ro9llC/.og/at2.uheWG/igi',5),(260,'Madison Lynch','mlind@example.com','$2y$10$92IXUNpkjO0rOQ5byMi.Ye4oKoEa3Ro9llC/.og/at2.uheWG/igi',5),(261,'Adell Leffler II','abdiel14@example.com','$2y$10$92IXUNpkjO0rOQ5byMi.Ye4oKoEa3Ro9llC/.og/at2.uheWG/igi',5),(262,'Nicholas Daniel','jared16@example.net','$2y$10$92IXUNpkjO0rOQ5byMi.Ye4oKoEa3Ro9llC/.og/at2.uheWG/igi',5),(263,'Ernesto Crooks','ogulgowski@example.net','$2y$10$92IXUNpkjO0rOQ5byMi.Ye4oKoEa3Ro9llC/.og/at2.uheWG/igi',5),(264,'Ruth King','turner.laurie@example.org','$2y$10$92IXUNpkjO0rOQ5byMi.Ye4oKoEa3Ro9llC/.og/at2.uheWG/igi',5),(265,'Alia Gerhold DVM','madelynn.schaefer@example.net','$2y$10$92IXUNpkjO0rOQ5byMi.Ye4oKoEa3Ro9llC/.og/at2.uheWG/igi',5),(266,'Prof. Trevion Marks','josiah07@example.com','$2y$10$92IXUNpkjO0rOQ5byMi.Ye4oKoEa3Ro9llC/.og/at2.uheWG/igi',5),(267,'Prof. Avis Carroll','haley.libby@example.com','$2y$10$92IXUNpkjO0rOQ5byMi.Ye4oKoEa3Ro9llC/.og/at2.uheWG/igi',5),(268,'Jermaine Pacocha','kiarra.medhurst@example.net','$2y$10$92IXUNpkjO0rOQ5byMi.Ye4oKoEa3Ro9llC/.og/at2.uheWG/igi',5),(269,'Marjory Schroeder','darian86@example.net','$2y$10$92IXUNpkjO0rOQ5byMi.Ye4oKoEa3Ro9llC/.og/at2.uheWG/igi',5),(270,'Nola Huel I','sdurgan@example.com','$2y$10$92IXUNpkjO0rOQ5byMi.Ye4oKoEa3Ro9llC/.og/at2.uheWG/igi',5),(271,'Maymie King DVM','urosenbaum@example.com','$2y$10$92IXUNpkjO0rOQ5byMi.Ye4oKoEa3Ro9llC/.og/at2.uheWG/igi',5),(272,'Jacinthe Haag III','robert94@example.net','$2y$10$92IXUNpkjO0rOQ5byMi.Ye4oKoEa3Ro9llC/.og/at2.uheWG/igi',5),(273,'Dr. Alexandre Kirlin','carlos08@example.com','$2y$10$92IXUNpkjO0rOQ5byMi.Ye4oKoEa3Ro9llC/.og/at2.uheWG/igi',5),(274,'Moses Sipes','ffeest@example.org','$2y$10$92IXUNpkjO0rOQ5byMi.Ye4oKoEa3Ro9llC/.og/at2.uheWG/igi',5),(275,'Robert Herzog','ray.bogisich@example.org','$2y$10$92IXUNpkjO0rOQ5byMi.Ye4oKoEa3Ro9llC/.og/at2.uheWG/igi',5),(276,'Gunner Koelpin','hardy.gleason@example.com','$2y$10$92IXUNpkjO0rOQ5byMi.Ye4oKoEa3Ro9llC/.og/at2.uheWG/igi',5),(277,'Miss Camila Swift','purdy.wayne@example.com','$2y$10$92IXUNpkjO0rOQ5byMi.Ye4oKoEa3Ro9llC/.og/at2.uheWG/igi',5),(278,'Miss Julianne Oberbrunner','iharber@example.org','$2y$10$92IXUNpkjO0rOQ5byMi.Ye4oKoEa3Ro9llC/.og/at2.uheWG/igi',5),(279,'Hazle Rodriguez','beatty.kianna@example.com','$2y$10$92IXUNpkjO0rOQ5byMi.Ye4oKoEa3Ro9llC/.og/at2.uheWG/igi',5),(280,'Merlin Boyle','colton11@example.com','$2y$10$92IXUNpkjO0rOQ5byMi.Ye4oKoEa3Ro9llC/.og/at2.uheWG/igi',5),(281,'Ashlynn Mayert','jkiehn@example.com','$2y$10$92IXUNpkjO0rOQ5byMi.Ye4oKoEa3Ro9llC/.og/at2.uheWG/igi',5),(282,'Percival Bechtelar','strosin.koby@example.net','$2y$10$92IXUNpkjO0rOQ5byMi.Ye4oKoEa3Ro9llC/.og/at2.uheWG/igi',5),(283,'Noemy Trantow','bulah56@example.com','$2y$10$92IXUNpkjO0rOQ5byMi.Ye4oKoEa3Ro9llC/.og/at2.uheWG/igi',5),(284,'Luciano O\'Conner','maggio.connor@example.com','$2y$10$92IXUNpkjO0rOQ5byMi.Ye4oKoEa3Ro9llC/.og/at2.uheWG/igi',5),(285,'Cyrus Baumbach','agreen@example.net','$2y$10$92IXUNpkjO0rOQ5byMi.Ye4oKoEa3Ro9llC/.og/at2.uheWG/igi',5),(286,'Cruz Altenwerth','cathrine84@example.net','$2y$10$92IXUNpkjO0rOQ5byMi.Ye4oKoEa3Ro9llC/.og/at2.uheWG/igi',5),(287,'Elisha Kihn DVM','yesenia71@example.net','$2y$10$92IXUNpkjO0rOQ5byMi.Ye4oKoEa3Ro9llC/.og/at2.uheWG/igi',5),(288,'Prof. Armand Gleichner','melvin.muller@example.net','$2y$10$92IXUNpkjO0rOQ5byMi.Ye4oKoEa3Ro9llC/.og/at2.uheWG/igi',5),(289,'Mr. Giovanni Lehner','bskiles@example.com','$2y$10$92IXUNpkjO0rOQ5byMi.Ye4oKoEa3Ro9llC/.og/at2.uheWG/igi',5),(290,'Catalina Bergnaum','burnice.mills@example.org','$2y$10$92IXUNpkjO0rOQ5byMi.Ye4oKoEa3Ro9llC/.og/at2.uheWG/igi',5),(291,'Ms. Megane Gusikowski PhD','weber.tito@example.net','$2y$10$92IXUNpkjO0rOQ5byMi.Ye4oKoEa3Ro9llC/.og/at2.uheWG/igi',5),(292,'Caden Runte','leannon.kevon@example.net','$2y$10$92IXUNpkjO0rOQ5byMi.Ye4oKoEa3Ro9llC/.og/at2.uheWG/igi',5),(293,'Rodolfo Thiel','eula47@example.com','$2y$10$92IXUNpkjO0rOQ5byMi.Ye4oKoEa3Ro9llC/.og/at2.uheWG/igi',5),(294,'Lizeth Hoppe IV','kherman@example.com','$2y$10$92IXUNpkjO0rOQ5byMi.Ye4oKoEa3Ro9llC/.og/at2.uheWG/igi',5),(295,'Leopold Sanford','julien.weber@example.net','$2y$10$92IXUNpkjO0rOQ5byMi.Ye4oKoEa3Ro9llC/.og/at2.uheWG/igi',5),(296,'Alvena Beier','tristian72@example.net','$2y$10$92IXUNpkjO0rOQ5byMi.Ye4oKoEa3Ro9llC/.og/at2.uheWG/igi',5),(297,'Dominique Flatley','kamron18@example.com','$2y$10$92IXUNpkjO0rOQ5byMi.Ye4oKoEa3Ro9llC/.og/at2.uheWG/igi',5),(298,'Mrs. Halie Leuschke Sr.','wwunsch@example.org','$2y$10$92IXUNpkjO0rOQ5byMi.Ye4oKoEa3Ro9llC/.og/at2.uheWG/igi',5),(299,'Katharina Morissette IV','tod34@example.org','$2y$10$92IXUNpkjO0rOQ5byMi.Ye4oKoEa3Ro9llC/.og/at2.uheWG/igi',5),(300,'Dr. Matilde Streich I','lysanne63@example.com','$2y$10$92IXUNpkjO0rOQ5byMi.Ye4oKoEa3Ro9llC/.og/at2.uheWG/igi',5),(301,'Marley Brown MD','kschaden@example.org','$2y$10$92IXUNpkjO0rOQ5byMi.Ye4oKoEa3Ro9llC/.og/at2.uheWG/igi',5),(302,'Ms. Lilliana Ernser','dauer@example.com','$2y$10$92IXUNpkjO0rOQ5byMi.Ye4oKoEa3Ro9llC/.og/at2.uheWG/igi',5),(303,'Clotilde Lakin II','hand.rylan@example.org','$2y$10$92IXUNpkjO0rOQ5byMi.Ye4oKoEa3Ro9llC/.og/at2.uheWG/igi',5),(304,'Felicita Howell','yost.chandler@example.com','$2y$10$92IXUNpkjO0rOQ5byMi.Ye4oKoEa3Ro9llC/.og/at2.uheWG/igi',5),(305,'Miss Florence Nikolaus','fleuschke@example.com','$2y$10$92IXUNpkjO0rOQ5byMi.Ye4oKoEa3Ro9llC/.og/at2.uheWG/igi',5),(306,'Shanny Nienow','tamia18@example.net','$2y$10$92IXUNpkjO0rOQ5byMi.Ye4oKoEa3Ro9llC/.og/at2.uheWG/igi',5),(307,'Jeanie Becker','hessel.maryam@example.net','$2y$10$92IXUNpkjO0rOQ5byMi.Ye4oKoEa3Ro9llC/.og/at2.uheWG/igi',4),(308,'Shawn Adams','vonrueden.earnest@example.com','$2y$10$92IXUNpkjO0rOQ5byMi.Ye4oKoEa3Ro9llC/.og/at2.uheWG/igi',4),(309,'Lindsey Metz DVM','wilfredo.kassulke@example.net','$2y$10$92IXUNpkjO0rOQ5byMi.Ye4oKoEa3Ro9llC/.og/at2.uheWG/igi',4),(310,'Emil Schmidt','laney.ferry@example.com','$2y$10$92IXUNpkjO0rOQ5byMi.Ye4oKoEa3Ro9llC/.og/at2.uheWG/igi',4),(311,'Mariana Shields','octavia15@example.net','$2y$10$92IXUNpkjO0rOQ5byMi.Ye4oKoEa3Ro9llC/.og/at2.uheWG/igi',4),(312,'Zechariah Bartoletti Sr.','sydni82@example.org','$2y$10$92IXUNpkjO0rOQ5byMi.Ye4oKoEa3Ro9llC/.og/at2.uheWG/igi',4),(313,'Prof. Krystal Toy','clementine.roberts@example.net','$2y$10$92IXUNpkjO0rOQ5byMi.Ye4oKoEa3Ro9llC/.og/at2.uheWG/igi',4),(314,'Dr. Clara Hayes','heidenreich.keyshawn@example.com','$2y$10$92IXUNpkjO0rOQ5byMi.Ye4oKoEa3Ro9llC/.og/at2.uheWG/igi',4),(315,'Corrine King','daren.hand@example.net','$2y$10$92IXUNpkjO0rOQ5byMi.Ye4oKoEa3Ro9llC/.og/at2.uheWG/igi',4),(316,'Kasey Schmeler DDS','zgrady@example.org','$2y$10$92IXUNpkjO0rOQ5byMi.Ye4oKoEa3Ro9llC/.og/at2.uheWG/igi',4),(317,'Hortense Bayer','qwolff@example.net','$2y$10$92IXUNpkjO0rOQ5byMi.Ye4oKoEa3Ro9llC/.og/at2.uheWG/igi',4),(318,'Kayden Breitenberg','madeline61@example.net','$2y$10$92IXUNpkjO0rOQ5byMi.Ye4oKoEa3Ro9llC/.og/at2.uheWG/igi',4),(319,'Marian Kautzer','pyost@example.net','$2y$10$92IXUNpkjO0rOQ5byMi.Ye4oKoEa3Ro9llC/.og/at2.uheWG/igi',4),(320,'Prof. Wilma Predovic','louvenia.nicolas@example.org','$2y$10$92IXUNpkjO0rOQ5byMi.Ye4oKoEa3Ro9llC/.og/at2.uheWG/igi',4),(321,'Madge McCullough','colby.hoppe@example.net','$2y$10$92IXUNpkjO0rOQ5byMi.Ye4oKoEa3Ro9llC/.og/at2.uheWG/igi',4),(322,'Stan Johnson','littel.darion@example.net','$2y$10$92IXUNpkjO0rOQ5byMi.Ye4oKoEa3Ro9llC/.og/at2.uheWG/igi',4),(323,'Nakia Pfannerstill','macy.pollich@example.net','$2y$10$92IXUNpkjO0rOQ5byMi.Ye4oKoEa3Ro9llC/.og/at2.uheWG/igi',4),(324,'Rosalind Pollich I','jerod.abernathy@example.net','$2y$10$92IXUNpkjO0rOQ5byMi.Ye4oKoEa3Ro9llC/.og/at2.uheWG/igi',4),(325,'Kendrick Mosciski DVM','keanu55@example.com','$2y$10$92IXUNpkjO0rOQ5byMi.Ye4oKoEa3Ro9llC/.og/at2.uheWG/igi',4),(326,'Madie Jacobi','uhudson@example.net','$2y$10$92IXUNpkjO0rOQ5byMi.Ye4oKoEa3Ro9llC/.og/at2.uheWG/igi',4),(327,'Favian Brakus','pfeeney@example.com','$2y$10$92IXUNpkjO0rOQ5byMi.Ye4oKoEa3Ro9llC/.og/at2.uheWG/igi',4),(328,'Camilla Shanahan','claudie.howe@example.net','$2y$10$92IXUNpkjO0rOQ5byMi.Ye4oKoEa3Ro9llC/.og/at2.uheWG/igi',4),(329,'Rosie Ward','izabella91@example.net','$2y$10$92IXUNpkjO0rOQ5byMi.Ye4oKoEa3Ro9llC/.og/at2.uheWG/igi',4),(330,'Rowan Batz','cormier.maximo@example.com','$2y$10$92IXUNpkjO0rOQ5byMi.Ye4oKoEa3Ro9llC/.og/at2.uheWG/igi',4),(331,'Mr. Michael Senger','maurice.feeney@example.net','$2y$10$92IXUNpkjO0rOQ5byMi.Ye4oKoEa3Ro9llC/.og/at2.uheWG/igi',4),(332,'Kolby Kunde','rodriguez.erich@example.net','$2y$10$92IXUNpkjO0rOQ5byMi.Ye4oKoEa3Ro9llC/.og/at2.uheWG/igi',4),(333,'Miss Burdette Kirlin','agustin80@example.org','$2y$10$92IXUNpkjO0rOQ5byMi.Ye4oKoEa3Ro9llC/.og/at2.uheWG/igi',4),(334,'Paolo Altenwerth','kjacobs@example.com','$2y$10$92IXUNpkjO0rOQ5byMi.Ye4oKoEa3Ro9llC/.og/at2.uheWG/igi',4),(335,'Desmond Harris DDS','tgleichner@example.net','$2y$10$92IXUNpkjO0rOQ5byMi.Ye4oKoEa3Ro9llC/.og/at2.uheWG/igi',4),(336,'Nolan Mosciski','turcotte.lupe@example.org','$2y$10$92IXUNpkjO0rOQ5byMi.Ye4oKoEa3Ro9llC/.og/at2.uheWG/igi',4),(337,'Prof. Luther Vandervort','heber.jacobi@example.com','$2y$10$92IXUNpkjO0rOQ5byMi.Ye4oKoEa3Ro9llC/.og/at2.uheWG/igi',4),(338,'Dr. Wilfredo Stamm I','eshanahan@example.net','$2y$10$92IXUNpkjO0rOQ5byMi.Ye4oKoEa3Ro9llC/.og/at2.uheWG/igi',4),(339,'Ernest Lowe','lesly.king@example.com','$2y$10$92IXUNpkjO0rOQ5byMi.Ye4oKoEa3Ro9llC/.og/at2.uheWG/igi',4),(340,'Deja Schroeder','annette33@example.net','$2y$10$92IXUNpkjO0rOQ5byMi.Ye4oKoEa3Ro9llC/.og/at2.uheWG/igi',4),(341,'Rosalee Lehner','leffler.emerald@example.org','$2y$10$92IXUNpkjO0rOQ5byMi.Ye4oKoEa3Ro9llC/.og/at2.uheWG/igi',4),(342,'Yasmin Schoen','urosenbaum@example.com','$2y$10$92IXUNpkjO0rOQ5byMi.Ye4oKoEa3Ro9llC/.og/at2.uheWG/igi',4),(343,'Leda Schulist IV','dkoss@example.org','$2y$10$92IXUNpkjO0rOQ5byMi.Ye4oKoEa3Ro9llC/.og/at2.uheWG/igi',4),(344,'Claudine Marvin','howe.leon@example.com','$2y$10$92IXUNpkjO0rOQ5byMi.Ye4oKoEa3Ro9llC/.og/at2.uheWG/igi',4),(345,'Serenity Lang','claudine.hintz@example.net','$2y$10$92IXUNpkjO0rOQ5byMi.Ye4oKoEa3Ro9llC/.og/at2.uheWG/igi',4),(346,'Gaston Bradtke','elaina88@example.com','$2y$10$92IXUNpkjO0rOQ5byMi.Ye4oKoEa3Ro9llC/.og/at2.uheWG/igi',4),(347,'Ms. Alanna Hickle PhD','isabel.weber@example.com','$2y$10$92IXUNpkjO0rOQ5byMi.Ye4oKoEa3Ro9llC/.og/at2.uheWG/igi',4),(348,'Miss Ruth Stehr V','bins.berry@example.net','$2y$10$92IXUNpkjO0rOQ5byMi.Ye4oKoEa3Ro9llC/.og/at2.uheWG/igi',4),(349,'Trisha Erdman','cremin.kurtis@example.org','$2y$10$92IXUNpkjO0rOQ5byMi.Ye4oKoEa3Ro9llC/.og/at2.uheWG/igi',4),(350,'Princess Pollich DVM','walsh.colton@example.com','$2y$10$92IXUNpkjO0rOQ5byMi.Ye4oKoEa3Ro9llC/.og/at2.uheWG/igi',4),(351,'Prof. Lilla Breitenberg III','winnifred45@example.org','$2y$10$92IXUNpkjO0rOQ5byMi.Ye4oKoEa3Ro9llC/.og/at2.uheWG/igi',4),(352,'Arvid Boyle','jkohler@example.com','$2y$10$92IXUNpkjO0rOQ5byMi.Ye4oKoEa3Ro9llC/.og/at2.uheWG/igi',4),(353,'Mrs. Gilda Kris','abel82@example.org','$2y$10$92IXUNpkjO0rOQ5byMi.Ye4oKoEa3Ro9llC/.og/at2.uheWG/igi',4),(354,'Genesis McDermott MD','norris21@example.net','$2y$10$92IXUNpkjO0rOQ5byMi.Ye4oKoEa3Ro9llC/.og/at2.uheWG/igi',4),(355,'Christophe Rippin','fpagac@example.net','$2y$10$92IXUNpkjO0rOQ5byMi.Ye4oKoEa3Ro9llC/.og/at2.uheWG/igi',4),(356,'Dr. Carmel Kunde MD','ejohnson@example.com','$2y$10$92IXUNpkjO0rOQ5byMi.Ye4oKoEa3Ro9llC/.og/at2.uheWG/igi',4),(357,'Jabari Gerhold','oconnell.drake@example.com','$2y$10$92IXUNpkjO0rOQ5byMi.Ye4oKoEa3Ro9llC/.og/at2.uheWG/igi',3),(358,'Mr. German Bauch','imohr@example.com','$2y$10$92IXUNpkjO0rOQ5byMi.Ye4oKoEa3Ro9llC/.og/at2.uheWG/igi',3),(359,'Maudie Strosin','effie17@example.org','$2y$10$92IXUNpkjO0rOQ5byMi.Ye4oKoEa3Ro9llC/.og/at2.uheWG/igi',3),(360,'Zoey Schneider Sr.','maxie.kris@example.com','$2y$10$92IXUNpkjO0rOQ5byMi.Ye4oKoEa3Ro9llC/.og/at2.uheWG/igi',3),(361,'Stan Langworth','wiegand.skylar@example.net','$2y$10$92IXUNpkjO0rOQ5byMi.Ye4oKoEa3Ro9llC/.og/at2.uheWG/igi',3),(362,'Mr. Declan Lindgren','dibbert.yesenia@example.com','$2y$10$92IXUNpkjO0rOQ5byMi.Ye4oKoEa3Ro9llC/.og/at2.uheWG/igi',3),(363,'Augusta Krajcik','fabiola55@example.org','$2y$10$92IXUNpkjO0rOQ5byMi.Ye4oKoEa3Ro9llC/.og/at2.uheWG/igi',3),(364,'Mr. Silas Wisoky DDS','qwehner@example.org','$2y$10$92IXUNpkjO0rOQ5byMi.Ye4oKoEa3Ro9llC/.og/at2.uheWG/igi',3),(365,'Ardella Fadel','fiona.simonis@example.net','$2y$10$92IXUNpkjO0rOQ5byMi.Ye4oKoEa3Ro9llC/.og/at2.uheWG/igi',3),(366,'Scarlett Kreiger','mstark@example.net','$2y$10$92IXUNpkjO0rOQ5byMi.Ye4oKoEa3Ro9llC/.og/at2.uheWG/igi',3),(367,'Hipolito Schneider II','vilma32@example.com','$2y$10$92IXUNpkjO0rOQ5byMi.Ye4oKoEa3Ro9llC/.og/at2.uheWG/igi',3),(368,'Wilburn Renner','amparo83@example.net','$2y$10$92IXUNpkjO0rOQ5byMi.Ye4oKoEa3Ro9llC/.og/at2.uheWG/igi',3),(369,'Vance Cassin III','urohan@example.org','$2y$10$92IXUNpkjO0rOQ5byMi.Ye4oKoEa3Ro9llC/.og/at2.uheWG/igi',3),(370,'Aliza Eichmann I','moore.bria@example.net','$2y$10$92IXUNpkjO0rOQ5byMi.Ye4oKoEa3Ro9llC/.og/at2.uheWG/igi',3),(371,'Holden Waters','estark@example.net','$2y$10$92IXUNpkjO0rOQ5byMi.Ye4oKoEa3Ro9llC/.og/at2.uheWG/igi',3),(372,'Dr. Eino O\'Hara','brielle52@example.net','$2y$10$92IXUNpkjO0rOQ5byMi.Ye4oKoEa3Ro9llC/.og/at2.uheWG/igi',3),(373,'Michele Ruecker','metz.elena@example.com','$2y$10$92IXUNpkjO0rOQ5byMi.Ye4oKoEa3Ro9llC/.og/at2.uheWG/igi',3),(374,'Prof. Christian Mills','schoen.shany@example.org','$2y$10$92IXUNpkjO0rOQ5byMi.Ye4oKoEa3Ro9llC/.og/at2.uheWG/igi',3),(375,'Mr. Llewellyn Yost','crooks.wilbert@example.net','$2y$10$92IXUNpkjO0rOQ5byMi.Ye4oKoEa3Ro9llC/.og/at2.uheWG/igi',3),(376,'Gabriel Zemlak','powlowski.alexandrea@example.com','$2y$10$92IXUNpkjO0rOQ5byMi.Ye4oKoEa3Ro9llC/.og/at2.uheWG/igi',3);
/*!40000 ALTER TABLE `users` ENABLE KEYS */;
UNLOCK TABLES;
/*!40103 SET TIME_ZONE=@OLD_TIME_ZONE */;

/*!40101 SET SQL_MODE=@OLD_SQL_MODE */;
/*!40014 SET FOREIGN_KEY_CHECKS=@OLD_FOREIGN_KEY_CHECKS */;
/*!40014 SET UNIQUE_CHECKS=@OLD_UNIQUE_CHECKS */;
/*!40101 SET CHARACTER_SET_CLIENT=@OLD_CHARACTER_SET_CLIENT */;
/*!40101 SET CHARACTER_SET_RESULTS=@OLD_CHARACTER_SET_RESULTS */;
/*!40101 SET COLLATION_CONNECTION=@OLD_COLLATION_CONNECTION */;
/*!40111 SET SQL_NOTES=@OLD_SQL_NOTES */;

-- Dump completed on 2023-08-22 21:30:45
